station_name,appearance,min_travel_dt,max_travel_dt,short_name,lon,lat
10th & E St NW,276743,2012-07-12 12:25:06,2023-02-28 22:25:57,31256,-77.026064,38.895914
10th & Florida Ave NW,155132,2013-10-09 08:55:15,2022-08-18 16:20:42,,-77.025672,38.920387
10th & G St NW,174632,2014-07-31 09:16:24,2023-02-28 22:57:36,31274,-77.02623546123505,38.89824328774852
10th & H St NE,16868,2021-11-30 15:35:45,2023-02-28 22:55:20,31672,-76.992725,38.899984
10th & K St NW,312738,2013-02-15 09:38:04,2023-02-28 23:41:43,31263,-77.02622,38.9024
10th & Monroe St NE,71718,2010-10-16 13:55:15,2023-02-28 22:55:44,31504,-76.99353396892548,38.932456900063606
10th & Quincy St NE / Turkey Thicket Rec,233,2023-01-27 18:12:22,2023-02-28 22:39:14,31541,-76.993509,38.937849
10th & Rhode Island Ave NE,2,2022-08-18 14:50:08,2022-08-18 15:31:24,,-76.992741,38.922489
10th & U St NW,347250,2010-09-20 12:16:36,2023-03-01 08:21:13,31111,-77.0259,38.9172
10th St & Constitution Ave NW,399644,2010-10-07 15:42:27,2023-02-28 20:17:55,31219,-77.026013,38.893028
10th St & Florida Ave NW,12564,2022-08-18 16:31:42,2023-02-28 23:28:13,31120,-77.025672,38.920387
10th St & L'Enfant Plaza SW,83461,2016-05-19 09:41:46,2023-03-01 11:48:12,31287,-77.02601015567778,38.88432272414662
10th St & Rhode Island Ave NE,1120,2022-08-18 17:05:02,2023-02-28 20:49:37,31535,-76.99267029762268,38.92248919793601
11th & C St SE,45396,2019-01-10 16:40:27,2023-02-28 23:52:44,31659,-76.991476,38.885908
11th & Clifton St NW,5036,2022-08-23 15:24:01,2023-02-28 19:52:39,31136,-77.02708572149277,38.9223243445331
11th & F St NW,196233,2010-10-26 19:26:00,2023-02-28 22:01:36,31262,-77.026975,38.897857
11th & Girard St NW,131173,2017-06-08 12:01:45,2023-03-01 00:04:58,31126,-77.027112,38.925636
11th & H St NE,198329,2011-12-12 18:11:40,2021-11-30 06:55:59,,-76.991,38.899
11th & Kenyon St NW,326250,2010-10-08 14:05:09,2023-02-28 23:33:05,31102,-77.027822,38.929464
11th & M St NW,426480,2010-10-28 16:36:27,2023-02-28 23:20:52,31266,-77.027313,38.9055785
11th & O St NW,176590,2016-05-19 14:06:02,2023-02-28 23:55:06,31286,-77.02708840370178,38.90843146089006
11th & Park Rd NW,69546,2018-09-26 14:52:26,2023-02-28 22:28:50,31651,-77.02824711799622,38.93132185874559
11th & S St NW,178782,2015-04-08 14:20:32,2023-02-28 23:15:08,31280,-77.02711522579193,38.913601175143924
11th & V St NW,6036,2022-09-29 12:18:14,2023-02-28 23:32:23,31332,-77.027171,38.918199
11th & V st NW,16071,2021-10-07 15:44:57,2022-09-29 09:38:59,,-77.027,38.918
12th & Army Navy Dr,63571,2010-09-21 09:37:21,2019-01-03 09:23:14,,-77.054,38.862
12th & Irving St NE,42909,2013-05-30 11:53:41,2023-02-28 20:36:19,31511,-76.990955,38.928644
12th & L St NW,293293,2012-06-25 16:55:19,2023-02-28 22:49:45,31251,-77.0284,38.903819
12th & Newton St NE,32661,2010-10-05 17:54:28,2023-02-28 20:42:58,31501,-76.991016,38.933668
12th & U St NW,303061,2013-06-14 13:29:45,2023-02-28 23:01:46,31268,-77.028139,38.916787
12th & Varnum St NE,12,2023-02-23 14:25:46,2023-02-28 17:19:01,31542,-76.990157,38.943596
12th St & New York Ave NW,673,2023-02-07 12:49:27,2023-02-28 22:15:09,31670,-77.028061,38.901104
12th St & Pennsylvania Ave SE,59744,2016-12-15 13:54:41,2023-02-28 22:23:13,31644,-76.990121,38.882489
1301 McCormick Dr / Wayne K. Curry Admin Bldg,1063,2018-06-06 17:03:30,2023-02-10 19:09:50,32400,-76.843263,38.908391
13th & D St NE,279078,2010-10-26 17:18:05,2023-02-28 23:04:26,31622,-76.987633,38.894832
13th & E St SE,32647,2018-06-01 02:27:03,2023-02-28 21:34:24,31607,-76.98790669441223,38.88291548476762
13th & H St NE,314070,2010-10-09 13:32:25,2023-02-28 23:53:45,31611,-76.98825001716614,38.90042673988099
13th & U St NW,56045,2020-09-02 13:39:59,2023-02-28 23:43:15,31132,-77.0296311378479,38.91693645323652
13th St & Eastern Ave,14830,2013-04-25 17:28:25,2023-02-28 15:36:45,32006,-77.029417,38.987
13th St & New York Ave NW,341503,2010-10-18 14:08:38,2023-02-28 23:21:15,31227,-77.029822,38.900283
14th & Belmont St NW,280796,2013-10-02 09:10:58,2023-02-28 23:12:56,31119,-77.031887,38.921074
14th & D St NW / Ronald Reagan Building,374515,2011-04-20 10:03:51,2023-03-01 22:36:05,31231,-77.031617,38.894514
14th & D St SE,176527,2010-09-22 15:32:50,2023-02-28 22:38:48,31663,-76.9863852,38.8840581
14th & G St NW,355124,2010-11-08 16:15:38,2023-02-28 20:30:10,31238,-77.03189760446548,38.89816396413188
14th & Girard St NW,84001,2016-05-05 12:30:25,2023-02-28 23:10:18,31123,-77.032375,38.925284
14th & Harvard St NW,264693,2010-09-20 12:30:56,2023-02-28 22:39:59,31105,-77.0322,38.9268
14th & Irving St NW,250250,2016-08-02 13:21:18,2023-02-28 23:28:53,31124,-77.032224,38.928552
14th & L St NW,161547,2016-04-05 09:09:06,2023-02-28 22:43:45,31283,-77.031737,38.903658
14th & Luzon St NW,8401,2018-09-14 13:52:52,2022-09-02 08:13:56,,-77.033,38.969
14th & Newton St NW,70460,2018-09-13 12:08:11,2023-02-28 22:54:47,31649,-77.032956,38.931991
14th & Otis Pl NW,47692,2019-08-07 13:30:22,2023-02-28 23:27:20,31131,-77.032687,38.934405
14th & Q St NW,62999,2020-08-13 14:23:09,2023-02-28 22:21:49,31327,-77.03188,38.910674
14th & R St NW,551056,2010-09-20 13:53:23,2023-02-28 23:49:36,31202,-77.032008,38.913046
14th & Rhode Island Ave NW,605294,2010-09-20 15:53:15,2023-03-02 13:08:30,,-77.032,38.908
14th & U St NW,4380,2019-03-01 01:31:48,2019-04-01 07:25:08,,-77.034,38.917
14th & Upshur St NW,69613,2013-04-12 17:36:55,2023-02-28 21:39:53,31406,-77.03267812728882,38.942475355602845
14th & V St NW,732463,2010-09-20 12:39:24,2023-02-28 23:18:03,31101,-77.032096,38.9177645
14th St & Colorado Ave NW,52134,2013-04-12 16:37:01,2023-02-28 23:41:33,31407,-77.032947,38.956432
14th St & Luzon Ave NW,1165,2022-09-02 15:12:49,2023-02-28 22:18:12,31416,-77.033509,38.969489
14th St & New York Ave NW,271493,2010-09-30 09:03:13,2023-02-28 21:01:50,31216,-77.031686,38.899632
14th St & Spring Rd NW,199378,2010-09-20 19:14:22,2023-02-28 23:47:14,31401,-77.0328,38.9375
14th St Heights / 14th & Crittenden St NW,43056,2010-09-26 21:42:43,2023-02-28 16:28:09,31402,-77.032818,38.947774
15th & Crystal Dr,64759,2010-09-20 12:52:50,2018-07-31 23:42:49,,-77.051,38.86
15th & East Capitol St NE,131929,2013-05-14 13:09:29,2023-02-28 20:51:08,31630,-76.983326,38.889908
15th & Euclid St  NW,192608,2013-05-06 12:44:47,2021-08-09 13:30:33,,-77.037,38.923
15th & Euclid St NW,25618,2020-04-01 08:14:11,2023-02-28 23:52:31,31117,-77.0352,38.92333
15th & F St NE,124722,2013-05-30 12:13:26,2023-02-28 22:55:18,31632,-76.983575,38.897195
15th & Harvard St NW,8692,2020-04-01 08:58:06,2022-01-19 07:40:16,,-77.035,38.926
15th & K St NW,246688,2012-07-02 09:38:21,2023-02-28 21:33:59,31254,-77.03353,38.902
15th & L St NW,195156,2014-10-07 13:55:25,2023-02-28 21:04:45,31276,-77.034918,38.903649
15th & M St NW,149594,2017-06-01 11:57:03,2023-02-28 23:06:21,31298,-77.034674,38.905424
15th & N Scott St,41752,2012-04-25 19:52:55,2019-02-28 23:27:28,,-77.083,38.891
15th & P St NW,944642,2010-09-20 12:34:17,2023-02-28 23:11:40,31201,-77.03442692756653,38.90980062655191
15th & W St NW,221768,2017-01-05 13:12:19,2023-02-28 22:16:22,31125,-77.034449,38.9190185
15th St & Constitution Ave NW,234328,2017-06-22 11:08:03,2023-02-28 21:22:40,31321,-77.033234,38.892244
15th St & Massachusetts Ave SE,166277,2011-12-22 17:23:37,2023-02-28 22:19:39,31626,-76.983569,38.88732
15th St & N Scott St,17811,2019-03-01 08:39:22,2023-02-28 23:12:25,31031,-77.08095,38.89054
15th St & Pennsylvania Ave NW,104062,2019-03-01 08:11:44,2023-02-28 23:02:27,31129,-77.0333808660507,38.89646474748647
15th St & Pennsylvania Ave NW/Pershing Park,60382,2017-09-27 12:05:10,2019-02-28 22:23:24,,-80.822,35.23
16th & Bangor St SE,41,2023-01-13 01:28:05,2023-02-28 16:01:34,31829,-76.983585,38.86044
16th & Harvard St NW,351174,2010-09-20 12:36:28,2023-02-28 23:36:25,31135,-77.03665,38.926102
16th & Irving St NW,102053,2016-03-10 10:40:20,2023-02-28 23:46:43,31122,-77.03625,38.928893
16th & Q St SE / Anacostia HS,7227,2016-09-09 17:21:07,2023-02-24 09:57:24,31812,-76.982359,38.870695
16th & R St NW,154771,2016-03-10 17:01:12,2023-02-28 21:57:49,31282,-77.036278,38.912652
17th & Corcoran St NW,660056,2010-09-23 22:19:15,2023-02-28 23:08:27,31214,-77.0387,38.9121
17th & G St NW,303458,2014-10-07 09:17:10,2023-03-01 09:09:37,31277,-77.039643,38.898301
17th & K St NW,464923,2010-09-21 17:27:23,2023-02-28 21:27:45,31213,-77.03863,38.90276
17th & K St NW / Farragut Square,391513,2011-04-29 09:39:31,2023-02-28 22:52:04,31233,-77.038322,38.902061
17th & P St NW,48511,2021-10-05 13:28:07,2023-02-28 23:50:25,31330,-77.038566,38.909858
17th & Upshur St NW,9526,2019-07-24 16:30:05,2023-02-28 20:34:39,31420,-77.038684,38.942146
17th St & Independence Ave SW,280763,2016-06-14 11:31:34,2023-03-02 17:25:41,31290,-77.038325,38.888097
17th St & Massachusetts Ave NW,370332,2013-05-06 11:01:33,2023-02-28 22:21:23,31267,-77.038359,38.908142
17th St & Rhode Island Ave NW,721,2023-02-09 12:29:33,2023-02-28 22:19:40,31210,-77.03862726688385,38.906767059408295
18th & C St NW,81090,2016-04-19 08:49:14,2023-02-28 23:28:18,31284,-77.041544,38.893511
18th & Eads St.,42565,2010-09-20 18:51:29,2019-02-28 20:46:17,,-77.055,38.857
18th & L St NW,57763,2019-06-01 07:25:20,2023-02-28 22:34:05,31224,-77.04245209693909,38.903741450919384
18th & M St NW,372132,2010-10-07 18:06:33,2023-02-28 21:56:55,31221,-77.04177886247635,38.90506687455313
18th & Monroe St NE,10211,2017-03-08 15:37:48,2023-02-28 20:30:39,31521,-76.979517,38.93293
18th & New Hampshire Ave NW,120662,2019-01-24 14:25:30,2023-02-28 22:41:41,31324,-77.041829,38.911268
18th & R St NW,279083,2014-11-10 11:37:07,2023-02-28 23:20:08,31278,-77.041834,38.912648
18th St & Pennsylvania Ave NW,294044,2011-11-29 08:33:49,2023-02-28 21:06:02,31242,-77.041539,38.89968
18th St & Rhode Island Ave NE,18885,2013-05-30 12:14:56,2023-02-28 16:09:18,31510,-76.978924,38.927095
18th St & S Eads St,8652,2019-03-01 13:16:58,2021-08-25 08:59:00,,-77.053,38.857
18th St & Wyoming Ave NW,334305,2013-04-03 15:22:53,2023-03-01 09:22:07,31114,-77.041571,38.918809
19th & E Street NW,112298,2010-09-20 12:41:37,2023-02-28 19:45:05,31206,-77.0436,38.8952
19th & East Capitol St SE,116752,2010-09-20 13:00:15,2023-02-28 20:54:18,31601,-76.9769,38.8896
19th & G St NW,132780,2015-03-20 08:30:58,2023-02-28 23:43:33,31279,-77.043182,38.898412
19th & I St NW,5,2023-02-26 12:16:51,2023-02-28 09:09:24,31253,-77.04338550567627,38.901633245815496
19th & K St NW,179157,2012-06-27 08:55:07,2023-02-28 22:24:07,,-77.043,38.902
19th & L St NW,199524,2010-10-18 14:06:38,2019-05-31 20:40:54,,-77.046,38.903
19th & Savannah St SE,831,2017-09-21 21:29:27,2023-02-27 12:20:26,31815,-76.97703,38.84623
19th St & Constitution Ave NW,307440,2010-10-16 15:43:28,2023-02-28 18:03:39,31235,-77.04307436943054,38.89221235271478
19th St & Pennsylvania Ave NW,216418,2010-09-20 12:10:43,2023-02-28 20:24:25,31100,-77.0429,38.9003
19th St N & Ft Myer Dr,1499,2022-11-15 08:46:16,2023-02-28 23:03:32,31014,-77.072143,38.897218
1st & D St SE,135592,2016-09-16 12:41:12,2023-02-28 22:10:49,31643,-77.005965,38.884916
1st & H St NW,171572,2014-02-18 16:48:14,2023-02-28 20:39:07,31638,-77.012108,38.900358
1st & I St SE,38333,2022-05-24 17:03:30,2023-02-28 23:29:32,31628,-77.00572729110718,38.878854378063295
1st & K NE,29,2020-05-26 12:27:41,2020-05-27 22:39:48,,-77.005,38.902
1st & K St NE,67217,2020-05-26 15:39:54,2023-03-01 00:09:32,31662,-77.005649,38.902386
1st & K St SE,343439,2012-02-08 13:46:17,2022-05-24 16:56:30,,-77.005,38.878
1st & L St NW,424,2023-01-11 13:53:44,2023-02-28 21:06:04,31677,-77.011987,38.903819
1st & M St NE,625264,2010-09-20 12:26:08,2023-03-01 00:46:19,31603,-77.005483,38.905697
1st & M St SE,84801,2018-09-14 13:45:46,2023-02-28 23:07:06,31650,-77.006072,38.876893
1st & N St  SE,148232,2010-09-20 11:41:22,2021-08-09 12:09:21,,-77.008,38.876
1st & N St SE,28725,2020-04-01 16:27:07,2023-02-28 23:36:04,31209,-77.00575411319733,38.875022735559995
1st & O St NW,130704,2016-04-05 18:46:55,2023-02-28 23:59:26,31519,-77.012365,38.908643
1st & Q St SW,2863,2022-09-01 14:14:36,2023-02-28 21:56:35,31676,-77.01191514730453,38.870823939537914
1st & Rhode Island Ave NW,315358,2011-12-06 09:11:04,2023-02-28 20:49:50,31506,-77.012289,38.915417
1st & S Capitol St SE / Oxon Run Trail,4771,2017-09-29 10:07:38,2023-02-26 08:25:23,31817,-77.005497,38.824481
1st & Washington Hospital Center NW,70851,2012-02-14 12:58:35,2023-02-28 17:53:53,31507,-77.012457,38.928743
1st St & Potomac Ave SE,29661,2020-12-29 16:38:09,2023-02-28 21:45:16,31668,-77.00591,38.871841
20th & Columbia Rd NW,34052,2021-01-12 19:37:17,2023-02-28 22:33:28,31133,-77.045487,38.918036
20th & Crystal Dr,83506,2010-09-20 12:42:14,2018-07-31 23:40:15,,-77.051,38.856
20th & E St NW,275884,2010-09-20 15:17:21,2023-03-01 00:00:10,31204,-77.045,38.8963
20th & L St NW,193910,2012-06-25 10:18:14,2023-02-28 19:04:58,31250,-77.044789,38.903584
20th & O St NW / Dupont South,384275,2012-02-10 17:39:51,2023-02-28 23:21:26,31234,-77.04478,38.908905
20th St & Florida Ave NW,518529,2010-09-20 18:25:44,2023-02-28 23:51:09,31110,-77.0446,38.9154
20th St & Virginia Ave NW,84091,2013-01-31 11:58:16,2023-02-28 19:42:34,31259,-77.045128,38.894722
21st & I St NW,400970,2010-09-20 13:07:31,2023-02-28 23:32:08,31205,-77.04644858837128,38.90071062547463
21st & M St NW,426756,2010-09-20 15:05:48,2020-05-20 23:27:25,,-77.046,38.905
21st St & Constitution Ave NW,160742,2011-09-22 17:10:47,2022-09-27 07:59:34,,-77.046,38.892
21st St & G st NW,50900,2020-11-10 12:49:57,2023-02-28 23:03:56,31328,-77.04691261053085,38.89830173667249
21st St & N Pierce St,12089,2019-03-01 07:05:40,2023-02-28 12:48:42,31093,-77.078317,38.898984
21st St & Pennsylvania Ave NW,185863,2012-06-27 11:10:42,2023-02-28 19:34:19,31252,-77.046564,38.901539
21st St N & N Pierce St,17409,2014-11-26 06:34:44,2019-02-28 20:14:44,,-94.925,29.4
22nd & H  NW (disabled),591,2020-01-01 16:09:44,2020-01-21 10:54:29,,-77.051,38.898
22nd & H St NW,90656,2017-07-13 16:06:25,2023-02-28 23:10:01,31127,-77.04885238395946,38.89892546716842
22nd & I St NW / Foggy Bottom,396666,2012-07-16 09:03:41,2023-02-28 23:05:48,31257,-77.048911,38.90088
22nd & P ST NW,178711,2016-04-19 14:36:24,2023-02-28 23:19:24,31285,-77.048728,38.909394
22nd St & Constitution Ave NW,81681,2016-10-05 13:43:22,2023-02-28 20:53:20,31292,-77.048947,38.892441
23rd & Crystal Dr,79623,2010-09-20 13:55:40,2018-07-31 23:07:21,,-77.050264,38.905303
23rd & E St NW ,192324,2013-01-31 13:59:35,2023-02-28 19:58:49,31260,-77.049882,38.896104
23rd & M St NW,200208,2017-08-01 11:44:34,2023-02-28 23:36:45,31128,-77.050264,38.905303
23rd St S & Hayes St,5426,2020-12-09 16:38:24,2023-02-28 19:01:18,31938,-77.059496,38.853002
24th & N St NW,246417,2012-07-06 16:41:10,2023-02-28 23:38:44,31255,-77.05152,38.9066
24th & R St NE / National Arboretum,38878,2016-09-10 11:13:20,2023-02-28 16:08:46,31520,-76.971923,38.91263
25th St & Pennsylvania Ave NW,442583,2010-10-29 16:36:55,2023-03-01 02:49:49,31237,-77.053485,38.903827
26th & S Clark St,35600,2010-09-20 13:48:32,2019-02-28 16:31:30,,-77.054,38.85
27th & Crystal Dr,79631,2010-09-20 13:20:41,2018-07-31 22:53:46,,-77.053,38.848
28th St & S Meade St,11109,2019-03-01 07:31:06,2023-02-28 19:27:00,31055,-77.069275,38.846222
28th St S & S Meade St,15129,2013-03-28 21:03:49,2019-02-28 21:31:44,,-111.259,47.497
2nd & G St NE,176896,2015-06-18 07:57:19,2023-02-28 23:25:18,31639,-77.003666,38.89967
2nd & V St SW,1,2020-12-23 14:23:31,2020-12-23 14:23:31,,-77.013,38.863
2nd & V St SW / James Creek Marina,14693,2020-12-25 11:07:27,2023-02-28 21:41:01,31667,-77.013814,38.863743
2nd St & Massachusetts Ave NE,178229,2016-05-27 13:22:12,2023-02-28 23:10:46,31641,-77.003135,38.894972
2nd St & Seaton Pl NE,47629,2017-06-01 16:30:11,2023-02-28 21:58:53,31522,-77.00356006622314,38.914751108831155
3000 Connecticut Ave NW / National Zoo,138475,2011-12-21 18:55:14,2023-02-28 20:54:56,31307,-77.055599,38.930282
31st & Water St NW,75340,2017-03-24 08:35:08,2021-04-12 20:55:18,,-77.061,38.902
31st & Woodrow St S,2884,2013-12-17 09:54:46,2019-02-28 18:07:41,,-77.097,38.837
31st St & S Woodrow St,2341,2019-03-05 13:39:55,2023-02-26 16:39:15,31072,-77.0934784,38.8378458
34th & Water St NW,200214,2014-07-09 12:14:29,2023-02-28 23:15:30,31314,-77.0675285,38.9037315
34th St & Minnesota Ave SE,407,2013-06-04 11:21:02,2016-04-11 12:08:16,,-73.994,40.752
34th St & Wisconsin Ave NW,140625,2010-10-15 14:16:13,2023-02-28 18:10:01,31226,-77.0682,38.916442
36th & Calvert St NW / Glover Park,90929,2010-11-08 14:33:29,2023-02-28 23:07:49,31304,-77.070334,38.922581
37th & Ely Pl SE,673,2019-03-05 06:19:57,2023-02-26 13:59:12,31715,-76.949709,38.883011
37th & Ely Pl SE / Fort Dupont Ice Arena,156,2017-09-24 09:50:08,2019-02-05 14:43:53,,-77.07166,38.907837
37th & O St NW / Georgetown University,298277,2010-10-25 16:57:38,2023-02-28 23:24:39,31236,-77.07166,38.907837
39th & Calvert St NW / Stoddert,106029,2012-02-10 14:38:27,2023-02-28 21:20:31,31306,-77.077271,38.922649
39th & Veazey St NW,62841,2013-02-11 16:57:49,2023-02-28 22:00:42,31308,-77.077078,38.943837
3rd & D St SE,274343,2010-09-22 15:18:17,2023-02-28 22:57:05,31605,-77.0023,38.8851
3rd & Elm St NW,176441,2013-07-23 11:02:36,2023-02-28 23:39:48,31118,-77.01597,38.917622
3rd & G St SE,219180,2011-07-17 12:29:00,2023-02-28 22:29:39,31625,-77.001828,38.881185
3rd & H St NE,402037,2010-10-14 18:08:03,2023-02-28 21:02:25,31616,-77.001949,38.900412
3rd & H St NW,266680,2010-09-21 17:00:09,2023-02-28 22:17:53,31604,-77.015289,38.899408
3rd & M St NE,367229,2013-02-15 07:13:04,2023-02-28 23:44:47,,-77.002,38.905
3rd & M St SE,7422,2022-06-30 11:10:11,2023-02-28 22:02:52,31669,-77.002161,38.876823
3rd & M st SE,12862,2021-01-05 18:02:44,2022-06-30 15:14:19,,-77.002,38.876
3rd & N St NE,807,2023-01-03 14:27:59,2023-02-28 22:21:16,31540,-77.002109,38.907073
3rd & Tingey St SE,202814,2013-10-02 07:48:28,2023-02-28 20:47:42,31634,-77.0024,38.87501
3rd & Underwood St NW,13253,2017-03-08 13:03:47,2023-02-28 18:23:57,31413,-77.016574,38.969903
3rd St & Pennsylvania Ave SE,271216,2013-07-23 13:40:27,2023-02-28 22:05:39,31269,-77.001955,38.887378
3rd St & Riggs Rd NE,12709,2016-12-22 17:17:41,2023-02-28 20:59:01,31412,-77.002239,38.957463
41st St & Alabama Ave SE / Fort Davis Rec,7,2023-01-24 15:26:25,2023-02-24 14:26:24,31724,-76.945283,38.870353
47th & Elm St,16063,2013-10-19 17:42:34,2023-02-28 14:19:17,32021,-77.091991,38.982456
48th Pl & MacArthur Blvd NW,11208,2018-09-15 12:46:36,2023-02-28 16:32:50,31322,-77.0957824587822,38.9170363119413
4th & C St SW,448795,2012-01-27 12:28:37,2023-02-28 23:07:35,31243,-77.01770067214966,38.88637194054526
4th & College St NW,1072,2022-09-14 20:41:55,2023-02-28 22:39:22,31138,-77.01813519001007,38.92123296360907
4th & D St NW / Judiciary Square,179711,2011-06-25 09:59:09,2023-02-28 20:46:12,31621,-77.016106,38.895344
4th & E St SW,329429,2011-12-01 16:58:01,2023-03-01 12:11:49,31244,-77.017445,38.88412
4th & East Capitol St NE,328049,2010-10-29 17:35:57,2023-02-28 21:40:56,31618,-77.000349,38.889955
4th & Florida Ave NE,55572,2021-10-13 12:23:12,2023-02-28 22:39:31,31532,-77.00069814920425,38.90731645057457
4th & G St SW,18929,2022-06-04 09:29:16,2023-02-28 23:34:00,31666,-77.01769933104515,38.881116725009335
4th & M St SE,75786,2018-11-14 13:23:57,2023-02-28 22:15:45,31652,-77.000736,38.876751
4th & M St SW,486839,2010-09-20 11:43:56,2023-02-28 22:21:06,31108,-77.01777443289757,38.876822693625876
4th & O St SW,416,2023-02-10 12:29:27,2023-02-28 17:47:28,31678,-77.017585,38.872964
4th & W St NE,107520,2010-09-20 12:21:52,2023-02-28 23:17:55,31500,-77.000648,38.919077
4th St & G St SW,32610,2020-11-12 19:58:54,2022-06-06 13:23:21,,-77.017,38.881
4th St & K St NW,62658,2019-08-01 01:45:53,2022-03-23 09:09:53,,-77.016,38.902
4th St & Madison Dr NW,421347,2016-06-14 08:10:44,2023-02-28 20:27:47,31288,-77.0172465,38.8904955
4th St & Mississippi Ave SE,4374,2017-09-21 01:10:32,2023-02-26 08:19:24,31816,-77.0009,38.836
53rd & D St SE/C.W. Harris Elementary,626,2021-01-17 11:01:41,2023-02-23 21:49:55,31671,-76.925315,38.883318
5th & F St NW,330305,2010-10-09 09:18:43,2023-02-28 22:08:07,31620,-77.019347,38.897222
5th & K St NW,601140,2010-09-20 12:05:37,2023-02-28 23:01:45,31600,-77.019027,38.90304
5th & Kennedy St NW,33726,2013-04-12 16:44:15,2023-02-28 19:45:19,31403,-77.0198142528534,38.956555547721955
5th & Morse St NE,4644,2022-09-20 12:27:07,2023-02-28 21:27:24,31536,-76.99916660785675,38.907286773254675
5th St & Massachusetts Ave NW,404986,2013-05-06 09:02:10,2023-02-28 22:43:13,31265,-77.018677,38.90093
6035 Warehouse,1099,2020-04-05 18:41:56,2023-02-25 15:38:15,,-77.01,38.963
61st St & Banks Pl NE,2157,2016-10-09 12:22:10,2023-02-23 16:12:30,31714,-76.913563,38.891805
6th & H St NE,368193,2011-12-12 09:20:42,2023-03-04 03:11:39,31615,-76.998347,38.899972
6th & K St NE,81364,2016-12-21 17:28:00,2023-02-28 23:56:18,31645,-76.99840486049652,38.90293157359119
6th & S Ball St,9030,2014-09-17 19:43:29,2018-12-03 18:57:24,,-77.053,38.864
6th St & Indiana Ave NW,271711,2013-04-03 10:31:35,2023-02-28 23:03:41,31264,-77.01994,38.894573
7th & E St SW,67516,2017-03-24 12:31:06,2023-02-28 17:22:22,31294,-77.021741,38.88345
7th & F St NW / National Portrait Gallery,519484,2011-04-29 14:10:17,2023-02-28 22:55:13,31232,-77.02219069004059,38.89728304853854
7th & K St NW,106279,2018-10-17 12:19:31,2023-02-28 23:55:25,31653,-77.021392,38.902674
7th & Monroe St NE,3558,2022-08-16 16:08:10,2023-02-28 23:07:00,31534,-76.9961330294609,38.932242581555066
7th & R St NW / Shaw Library,351606,2011-11-29 17:35:30,2023-02-28 23:04:14,31245,-77.022155,38.912719
7th & S St NW,55005,2019-08-01 11:54:03,2023-03-01 00:02:23,31130,-77.02159523963928,38.914173639930105
7th & T St NW,407152,2010-09-20 12:14:27,2023-01-19 09:41:09,,-77.022,38.915
7th St & Florida Ave NW,1698,2023-01-19 16:46:34,2023-02-28 23:02:18,31109,-77.02200293540955,38.91613684808331
7th St & Massachusetts Ave NE,67820,2018-01-10 15:38:29,2023-02-28 21:46:53,31647,-76.99602,38.89222
8th & D St NW,258616,2013-07-23 08:36:20,2023-02-28 22:51:22,31270,-77.02324,38.894851
8th & East Capitol St NE,151919,2013-05-14 12:20:20,2023-02-28 23:01:19,31629,-76.995193,38.889988
8th & Eye St SE / Barracks Row,149415,2010-09-24 13:03:26,2023-02-28 23:02:06,31608,-76.9953,38.8792
8th & F St NE,188915,2013-05-14 15:41:39,2023-02-28 23:44:08,31631,-76.994749,38.897274
8th & F St NW / National Portrait Gallery,2451,2018-11-01 04:56:49,2018-12-04 09:28:12,,-77.025,38.897
8th & H St NE,37264,2020-03-19 19:00:17,2023-02-28 22:17:19,31661,-76.99489653110504,38.899941626884754
8th & H St NW,598325,2010-10-08 12:44:08,2023-02-28 23:46:38,31228,-77.023086,38.8997
8th & K St NE,29625,2019-10-31 17:59:11,2023-02-28 21:35:30,31660,-76.99514991079923,38.90273216425078
8th & O St NW,341956,2015-07-29 11:20:47,2023-02-28 23:52:16,31281,-77.02277,38.90864
8th & V St NW,28249,2021-10-05 16:00:54,2023-02-28 23:13:48,31134,-77.022684,38.917716
8th Rd & S Frederick St,515,2021-08-21 09:48:19,2023-02-24 06:19:57,31951,-77.116339,38.857049
9th & F St NW / National Portrait Gallery,3924,2018-09-01 06:53:56,2018-09-30 22:44:15,,-77.023924,38.898097
9th & G St NW,853,2023-02-02 16:58:38,2023-02-28 21:48:35,30201,-77.023924,38.898097
9th & Ingraham St NW,1074,2022-09-06 14:38:43,2023-02-28 21:47:47,31424,-77.02561318874359,38.95366314394005
9th & Upshur St NW,117830,2011-12-06 17:04:24,2023-02-28 21:43:14,31404,-77.0251,38.9418
9th St & Pennsylvania Ave NW,863,2023-02-01 13:25:11,2023-02-28 20:57:12,30200,-77.023979,38.89428
Adams Mill & Columbia Rd NW,512006,2010-09-20 12:45:26,2023-02-28 23:55:01,31104,-77.04252451658249,38.9228491613136
Alabama & MLK Ave SE,6336,2013-06-04 07:33:58,2023-02-28 18:12:31,31800,-76.99937582015991,38.84322988730829
Alabama Ave & Stanton Rd SE / Shops at Park Village,3969,2017-09-21 09:30:00,2023-02-27 16:36:09,31813,-76.98185,38.84627
American University East Campus,14856,2019-03-01 17:41:29,2023-02-28 22:54:58,31320,-77.087128,38.936298
Amherst Ave & Elkins St,3117,2017-02-28 14:34:37,2023-02-28 18:17:19,32063,-77.047788,39.044887
Amherst Ave & Prichard Rd,1931,2017-03-02 07:51:02,2023-02-25 08:12:05,32064,-77.048395,39.035965
Anacostia Ave & Benning Rd NE / River Terrace ,36337,2011-12-22 13:45:00,2023-02-28 15:02:02,31708,-76.96012,38.896544
Anacostia Ave & East Capitol St NE,413,2022-09-13 19:28:29,2023-02-26 16:17:46,31721,-76.96128,38.890461
Anacostia Library,11077,2010-10-24 16:59:45,2023-02-28 17:25:39,31804,-76.9784,38.865784
Anacostia Metro,35062,2010-09-22 09:36:42,2023-02-28 18:15:33,31801,-76.994578,38.862601
Anacostia Park,25977,2018-02-01 11:57:41,2023-02-28 18:47:10,31820,-76.9834,38.87335
Anacostia Roller Skating Pavilion,1392,2022-08-06 17:06:53,2023-02-28 17:16:15,31720,-76.97093,38.878771
Anacostia Roller Skating Pavillion,7734,2021-02-23 09:25:00,2022-09-02 10:57:07,,-76.9826813,38.8627944
Arizona & McArthur NW,51,2021-10-07 21:10:40,2021-10-19 18:32:20,,-77.103662,38.927294
Arizona Ave & MacArthur Blvd NW,2274,2021-10-10 14:42:50,2023-02-28 22:08:16,31331,-77.103662,38.927294
Arlington Blvd & Fairfax Dr,6990,2020-12-15 17:57:37,2023-02-28 19:03:45,31940,-77.08426237106323,38.88625606692058
Arlington Blvd & Fillmore St,25353,2013-11-15 16:44:38,2023-02-28 20:56:32,31070,-77.089233,38.873755
Arlington Blvd & Ft Myer Dr,9543,2021-01-20 19:18:11,2023-02-28 21:26:36,31937,-77.074893,38.890863
Arlington Blvd & N Queen St,42800,2012-09-05 07:00:42,2023-02-28 22:04:52,31051,-77.077294,38.889365
Arlington Blvd & S George Mason Dr,6535,2019-03-01 08:20:09,2023-02-28 17:16:16,31078,-77.104503,38.869442
Arlington Blvd & S George Mason Dr/NFATC,12905,2014-07-23 15:07:02,2019-02-28 17:30:32,,-77.165,38.871
Arlington Mill Cmty Center / Columbia Pike & S Dinwiddie St,11325,2019-03-01 13:55:48,2023-02-28 21:21:39,31068,-77.11153,38.856319
Army Navy Dr & Fern St,336,2022-12-09 16:12:46,2023-02-28 17:28:00,31936,-77.056873,38.864838
Army Navy Dr & S Joyce St,30665,2019-03-01 15:27:23,2022-12-09 15:06:24,,-77.0695841,38.8589072
Army Navy Dr & S Nash St,8184,2015-04-08 12:28:33,2023-02-28 18:07:00,31095,-77.06812083721161,38.86215024521491
Aurora Hills Cmty Ctr / 18th St & S Hayes St,12259,2019-03-01 06:17:05,2023-02-28 20:29:53,31004,-77.05949,38.857866
Aurora Hills Community Ctr/18th & Hayes St,37967,2010-09-20 18:08:25,2019-02-28 22:00:40,,-104.8388819,39.7050741
Ballenger Ave & Dulaney St,37629,2014-08-18 17:10:16,2023-02-28 23:17:34,31084,-77.063562,38.802677
Ballston Metro / N Stuart & 9th St N,95423,2012-04-30 17:18:46,2019-02-28 23:45:17,,-77.1120118,38.8838732
Ballston Metro / Stuart St & 9th St N,38627,2019-03-01 07:07:12,2023-02-28 18:58:58,31037,-77.111768,38.881044
Baltimore Ave & Jefferson St,6979,2018-06-01 09:00:53,2023-02-28 19:07:07,32403,-76.940133,38.95548
Baltimore Ave & Van Buren St / Riverdale Park Station,6948,2018-06-04 11:32:20,2023-02-28 18:04:46,32402,-76.937349,38.969581
Barcroft Community Center,28708,2012-04-25 20:50:53,2023-02-28 18:32:11,31033,-77.1009886264801,38.85033657788445
Baron Cameron Ave & North Hampton Ave,706,2021-07-12 11:09:01,2023-02-28 10:44:51,32237,-77.359341,38.966344
Barton St & 10th St N,31835,2012-09-04 19:48:15,2023-02-28 18:40:23,31050,-77.08777,38.884961
Battery Ln & Trolley Trail,28761,2013-10-25 17:25:05,2023-02-28 19:45:59,32027,-77.100104,38.992375
Becontree Ln & Goldenrain Ct,308,2021-09-21 16:57:18,2023-02-28 11:30:53,32239,-77.329282,38.966848
Benning Branch Library,7267,2010-11-06 13:13:49,2023-02-28 18:48:27,31705,-76.947974,38.894
Benning Rd & East Capitol St NE / Benning Rd Metro,11618,2011-12-22 13:32:07,2023-02-28 20:57:11,31707,-76.93723,38.889935
Bethesda Ave & Arlington Rd,44710,2013-09-27 12:43:25,2023-02-28 18:22:15,32002,-77.097426,38.981103
Bethesda Metro,29787,2014-04-30 13:06:00,2019-02-28 23:05:10,,-77.0947092,38.984652
Bethesda Metro / Wisconsin Ave & Old Georgetown Rd,11763,2019-03-01 09:10:12,2023-02-28 17:24:40,32048,-77.094537,38.984691
Bladensburg Rd & Benning Rd NE,115228,2010-10-27 22:17:47,2023-02-28 20:19:37,31617,-76.982872,38.900413
Blueridge Ave & Elkin St,996,2019-03-13 09:26:08,2023-02-26 09:44:14,32073,-77.05006,39.04313
Blueridge Ave & Elkins St,220,2018-01-10 10:04:23,2019-02-20 13:44:19,,-77.0509119,39.0430393
Braddock Rd Metro,111534,2012-08-29 08:43:23,2022-01-27 15:03:51,,-77.0537762,38.8140201
Braddock Rd Metro North,3789,2022-01-27 16:45:40,2023-02-28 21:44:04,31047,-77.052808,38.814577
Braddock Rd Metro South,6932,2022-02-02 12:57:26,2023-02-28 23:26:47,31969,-77.053734,38.813474
Branch & Pennsylvania Ave SE,5382,2011-06-29 20:28:37,2023-02-28 23:44:28,31701,-76.9599,38.8692
Briggs Chaney & Castle Dr,1344,2020-05-02 14:47:39,2023-02-26 17:36:20,32086,-76.945495,39.081638
Briggs Chaney Park & Ride,1906,2020-05-01 17:48:30,2023-02-28 20:26:53,32088,-76.9418666,39.0778751
Broad Branch Rd & Northampton St NW,2663,2020-09-29 08:51:00,2023-02-28 18:32:18,31422,-77.06862643361092,38.96577499342219
Broadbranch & Northampton NW,19,2020-09-23 14:31:35,2020-09-29 08:52:07,,-77.068,38.965
Broschart & Blackwell Rd,397,2013-10-29 15:29:44,2020-06-09 19:57:12,,-77.2,39.102
C & O Canal & Wisconsin Ave NW,378645,2010-10-18 16:34:44,2023-02-28 22:13:49,31225,-77.06269,38.90375
California St & Florida Ave NW,379632,2011-12-13 09:51:36,2023-03-01 09:22:07,31116,-77.04062,38.917761
Calvert & Biltmore St NW,206427,2010-09-20 13:30:21,2023-02-28 21:07:28,31106,-77.047637,38.923203
Calvert St & Woodley Pl NW,266560,2013-11-05 08:04:50,2023-02-28 23:47:55,31121,-77.050046,38.923583
Campus Commons,485,2018-10-12 17:25:46,2023-02-26 16:42:33,32228,-77.335425,38.944707
Capitol Ave & Kendall St NE,6962,2020-07-16 14:59:50,2023-02-28 22:56:16,31530,-76.985854,38.910993
Capitol Heights Metro,1718,2019-09-09 17:00:29,2023-02-27 17:14:13,32419,-76.913188,38.888524
Carlin Springs Rd & N Thomas St,15317,2016-12-20 17:48:19,2023-02-28 19:43:39,31919,-77.112982,38.876695
Carroll & Ethan Allen Ave,35512,2013-10-29 19:11:12,2023-02-28 22:55:14,32026,-77.006472,38.977933
Carroll & Westmoreland Ave,24817,2013-10-29 12:24:27,2023-02-28 20:19:15,32025,-77.01121,38.975
Castle Blvd & Castle Ln,1784,2020-05-02 13:20:54,2023-02-28 17:09:22,32092,-76.940547,39.085314
Central Library / N Quincy St & 10th St N,35232,2012-02-17 13:17:40,2019-02-28 20:30:52,,-77.1074363,38.8838794
Central Library / Quincy St & 10th St N,14012,2019-03-01 14:57:58,2023-02-28 19:39:25,31025,-77.10783,38.88397
Chillum Rd & Riggs Rd / Riggs Plaza,5797,2019-04-12 06:08:20,2023-02-28 21:02:44,32416,-76.995922,38.961737
Citadel Ave & McGrath Blvd,3315,2018-03-23 10:54:51,2023-02-28 14:31:26,32076,-77.10933,39.049
Clarendon Blvd & N Fillmore St,68322,2011-11-22 15:16:08,2023-02-28 22:15:22,31021,-77.09308,38.8881
Clarendon Blvd & Pierce St,95345,2011-04-16 19:53:41,2023-02-28 19:48:09,31016,-77.076389,38.893438
Clarendon Metro / Wilson Blvd & N Highland St,111464,2011-11-22 16:33:25,2023-02-28 20:33:34,31022,-77.09525674581528,38.88701007722296
Clark St & 26th St S,10121,2019-03-01 07:27:19,2023-02-28 19:17:42,31012,-77.05152,38.850688
Columbia & Ontario Rd NW,142730,2017-04-27 13:55:16,2023-02-28 23:01:45,31296,-77.040787,38.924088
Columbia Pike & George Mason Dr,2575,2020-04-01 14:46:47,2022-12-09 08:09:29,,-77.1282065,38.8508321
Columbia Pike & Monroe St,1561,2022-05-02 19:20:22,2023-02-28 20:33:04,31058,-77.09367156028748,38.860343910937175
Columbia Pike & S Courthouse Rd,28426,2013-03-28 17:47:24,2023-02-28 07:32:43,31053,-77.080319,38.863833
Columbia Pike & S Dinwiddie St / Arlington Mill Community Center,11890,2013-08-29 11:16:43,2019-02-28 18:27:59,,-77.1282065,38.8508321
Columbia Pike & S George Mason Dr,217,2022-12-09 16:36:14,2023-02-28 19:44:18,31923,-77.10201859474182,38.859305619982344
Columbia Pike & S Greenbrier St,2672,2021-03-23 19:22:54,2023-02-26 14:53:20,31945,-77.118106,38.854019
Columbia Pike & S Oakland St,2428,2019-03-01 17:33:05,2022-05-03 22:57:42,,-77.1282065,38.8508321
Columbia Pike & S Orme St,26146,2013-07-01 18:48:30,2023-02-28 17:38:51,31066,-77.072315,38.867262
Columbia Pike & S Scott St/12th St S,2002,2021-08-02 19:29:57,2023-02-28 19:17:07,31949,-77.077201,38.863556
Columbia Pike & S Taylor St,4172,2017-05-10 13:46:39,2021-08-12 20:19:11,,-77.1282065,38.8508321
Columbia Pike & S Walter Reed Dr,27661,2013-08-27 09:18:01,2023-02-28 21:17:24,31067,-77.086599,38.862478
Columbia Rd & Belmont St NW,240195,2011-11-18 09:15:35,2023-02-28 23:48:33,31113,-77.04368,38.920669
Columbia Rd & Georgia Ave NW,186153,2011-12-08 08:15:56,2023-02-28 23:14:29,31115,-77.0237946510315,38.92812111132096
Columbus Ave & Gramercy Blvd,1670,2017-05-18 11:38:19,2023-02-27 14:14:34,32069,-77.16486,39.12333
Columbus Ave & Tribeca St,5148,2017-05-13 14:50:21,2023-02-18 21:43:21,32068,-77.16705948114395,39.12582811177034
Columbus Circle / Union Station,1254191,2010-10-26 11:47:25,2023-02-28 23:58:29,31623,-77.00493,38.89696
Commerce St & Fayette St,35984,2012-08-31 16:03:46,2023-02-28 17:52:26,31045,-77.05293,38.805648
Commonwealth & E Monroe Ave,6109,2016-06-08 15:01:00,2019-02-28 21:07:09,,-77.0628208,38.8200582
Commonwealth Ave & E Monroe Ave,5302,2019-03-01 12:16:27,2023-02-28 17:29:31,31913,-77.06282079219818,38.82005823354218
Commonwealth Ave & Oak St,10757,2016-06-07 18:18:57,2023-02-28 18:05:39,31906,-77.061715,38.812711
Commonwealth and Reed,5368,2021-12-09 16:24:12,2023-02-28 17:52:18,31960,-77.05727398395538,38.8368376462948
Congress Heights Metro,8409,2011-12-24 13:43:01,2023-02-28 18:18:25,31806,-76.987823,38.844711
Congressional Ln & E Jefferson St,4647,2018-03-29 13:01:51,2023-02-28 16:23:01,32081,-77.129235,39.06219
Connecticut & Nebraska Ave NW,74241,2013-04-25 14:56:05,2023-02-28 18:03:23,31310,-77.069956,38.955016
Connecticut Ave & Chevy Chase Lake Dr,6782,2016-01-14 18:17:23,2023-02-28 14:36:12,32051,-77.076986,38.994113
Connecticut Ave & Macomb St NW / Cleveland Park,10074,2022-03-01 11:36:48,2023-02-28 23:05:01,31305,-77.0575301349163,38.93362634918731
Connecticut Ave & McKinley St NW,13636,2019-03-01 12:20:41,2023-02-28 18:29:06,31315,-77.07513481378555,38.96454350924588
Connecticut Ave & Newark St NW / Cleveland Park,142524,2010-10-10 11:08:10,2022-03-03 22:05:34,,-77.0747799,39.0318246
Connecticut Ave & R St NW,146020,2017-06-08 15:03:40,2023-02-28 23:44:33,31299,-77.04564,38.912644
Connecticut Ave & Tilden St NW,51520,2013-12-13 20:22:43,2023-02-28 18:37:38,31313,-77.061977237463,38.94113915653008
Connecticut Ave & Yuma St NW,31888,2016-05-27 09:39:37,2023-02-28 21:58:56,31318,-77.065115,38.947156
Constitution Ave & 2nd St NW/DOL,384479,2013-07-30 10:50:30,2023-02-28 22:19:50,31271,-77.013917,38.892275
Convention Center / 7th & M St NW,415718,2010-10-09 15:18:15,2023-02-28 23:04:22,31223,-77.02227,38.905737
Cordell & Norfolk Ave,22437,2013-09-27 13:27:06,2023-02-28 21:15:47,32008,-77.098029,38.98954
Corporate Blvd & Omega Dr,1972,2017-08-05 14:20:34,2023-02-26 17:32:43,32071,-77.192645,39.106971
Court House Metro / 15th & N Uhle St ,74224,2014-08-28 11:57:10,2019-02-28 22:27:08,,-77.084801,38.890612
Court House Metro / 15th St & N Uhle St,41630,2019-03-01 07:05:25,2023-02-28 18:52:28,31089,-77.084801,38.890612
Crabbs Branch Way & Calhoun Pl,4284,2013-10-19 11:35:36,2020-06-12 17:17:53,,-77.1593584,39.1215423
Crabbs Branch Way & Redland Rd,1050,2013-10-18 17:43:03,2020-06-16 19:15:39,,-77.1593584,39.1215423
Crescent Rd & Ridge Rd,644,2021-06-15 13:58:52,2023-02-26 08:34:11,32425,-76.891247,39.006191
Crystal City Metro / 18th & Bell St,144074,2010-09-20 20:07:47,2019-02-28 21:15:45,,-77.05169769999999,38.8577851
Crystal City Metro / 18th St & S Bell St,41420,2019-03-01 07:23:13,2023-02-28 20:22:35,31007,-77.05169767141342,38.85778509815245
Crystal Dr & 15th St S,34951,2018-08-01 06:35:40,2023-02-28 22:51:36,31003,-77.049417,38.861056
Crystal Dr & 20th St S,40526,2018-08-01 07:11:37,2023-02-28 22:01:36,31002,-77.049232,38.856425
Crystal Dr & 23rd St S,35864,2018-08-01 06:12:34,2023-02-28 21:38:26,31011,-77.049723,38.852929
Crystal Dr & 27th St S,18763,2018-08-01 06:21:02,2023-02-28 21:52:57,31009,-77.051514,38.848466
Crystal Dr & Potomac Ave,7671,2018-08-16 17:09:16,2021-03-08 18:15:17,,-77.051,38.848
D St & Maryland Ave NE,265250,2012-02-24 10:08:56,2023-02-28 21:51:01,31612,-76.99591577053069,38.89484064247075
Deanwood Rec Center,4735,2013-11-11 09:34:22,2023-02-17 16:52:53,31711,-76.933099,38.908473
Dennis & Amherst Ave,2260,2013-10-29 19:28:49,2019-02-26 10:32:17,,-77.047,39.025
Dennis Ave & Amherst Ave,2044,2019-03-11 13:14:18,2023-02-28 15:34:32,32022,-77.04456299543381,39.02538719623632
Division Ave & Foote St NE,1961,2016-08-23 12:01:41,2023-02-27 16:03:14,31713,-76.925907,38.897407
Duke St & John Carlyle St,26581,2014-08-18 15:38:10,2023-02-28 17:14:04,31081,-77.060866,38.804378
Duke St & Jordan St,804,2022-01-25 16:01:11,2023-02-27 13:33:23,31966,-77.10994,38.812187
Duke St & Strand (Robinson Terminal),3817,2020-10-27 14:15:46,2023-02-28 18:09:04,31933,-77.040293,38.801947
Dunn Loring Metro,6209,2019-05-16 19:00:00,2023-02-28 19:19:56,32231,-77.2283,38.8828
E Fairfax St & S Washington St,2692,2019-05-08 12:24:31,2023-02-28 17:39:52,32604,-77.171891,38.880612
E Montgomery Ave & Maryland Ave,6175,2013-09-27 10:23:03,2023-02-24 14:59:16,32007,-77.151291,39.084125
Eads & 22nd St S,42075,2010-09-23 00:33:11,2019-02-28 21:37:06,,-77.0545408,38.8630733
Eads St & 12th St S,46997,2018-12-02 13:23:32,2023-02-28 20:55:41,31071,-77.05454081296921,38.86307336639078
Eads St & 15th St S,40139,2010-09-20 14:45:13,2023-02-28 23:46:59,31000,-77.05323,38.858971
Eads St & 22nd St S,19414,2019-03-01 09:39:19,2023-02-28 23:16:48,31013,-77.05341160297394,38.85438051517749
East Falls Church Metro / Sycamore St & 19th St N,16730,2019-03-01 14:00:22,2023-03-01 00:57:55,31904,-77.15642720460892,38.88532071975074
East Falls Church Metro/Sycamore St & 19th St N,6832,2016-06-04 09:10:32,2019-02-28 20:07:19,,-77.15442410000001,38.887334
East West Hwy & 16th St,9599,2016-04-21 16:44:32,2023-02-28 23:20:36,32056,-77.038721,38.995681
East West Hwy & Blair Mill Rd,18024,2013-10-30 17:59:21,2023-02-28 16:18:57,32019,-77.02935,38.990249
Eastern Market / 7th & North Carolina Ave SE,339808,2010-09-29 21:14:55,2023-02-28 23:58:48,31610,-76.996806,38.886952
Eastern Market Metro / Pennsylvania Ave & 7th St SE,586513,2010-10-06 15:03:26,2020-11-04 10:41:31,,-76.995842,38.88427
Eastern Market Metro / Pennsylvania Ave & 8th St SE,98730,2020-04-01 06:15:22,2023-02-28 22:14:21,31613,-76.99523448944092,38.88409514578027
Eckington Pl & Q St NE,232350,2010-10-14 18:27:17,2023-02-28 22:20:06,31505,-77.00495,38.910972
Eden Center,549,2022-06-15 17:52:57,2023-02-25 12:28:59,32601,-77.15284913778305,38.87380771851765
Edgewood Rec Center,20865,2019-09-18 10:06:06,2023-02-28 19:02:29,31529,-77.002098,38.924144
Eisenhower Ave & Ike Dr,2116,2020-07-09 15:32:32,2023-02-28 17:35:21,31930,-77.0824626,38.802738
Eisenhower Ave & Mill Race Ln,24076,2014-08-18 16:43:03,2023-02-28 19:24:16,31082,-77.068952,38.801111
Executive Blvd & E Jefferson St,5464,2018-03-27 17:47:47,2023-02-28 08:42:41,32079,-77.1257,39.04873
Fairfax Dr & Kenmore St,29172,2012-06-05 17:04:43,2018-12-04 07:38:09,,-77.1016053,38.8841426
Fairfax Dr & N Randolph St,16205,2019-03-01 07:10:33,2023-02-28 23:19:34,31034,-77.109366,38.882629
Fairfax Dr & N Taylor St,2123,2022-07-26 16:59:34,2023-02-28 21:56:13,31049,-77.112754,38.882425
Fairfax Dr & Wilson Blvd,67886,2012-04-27 16:45:10,2023-02-28 19:18:01,31023,-77.097745,38.885801
Fairfax Village,4758,2011-07-27 20:54:02,2023-02-26 13:05:41,31706,-76.952103,38.86559
Fairway Dr & Hook Rd,152,2021-07-16 19:05:54,2022-10-23 15:54:06,,-77.342,38.963
Falls Church City Hall / Park Ave & Little Falls St,2867,2019-05-09 08:57:09,2023-02-28 10:32:49,32608,-77.173605,38.885434
Fallsgrove Blvd & Fallsgrove Dr,5754,2013-09-29 11:48:35,2023-02-25 21:59:36,32004,-77.192672,39.096312
Fallsgrove Dr & W Montgomery Ave,4750,2013-10-18 16:57:07,2023-02-23 17:17:47,32016,-77.188014,39.099376
Fenton St & Ellsworth Dr ,24663,2013-10-30 18:17:12,2023-02-28 23:17:46,32036,-77.025608,38.997033
Fenton St & Gist Ave,19011,2013-10-31 10:04:57,2023-02-28 18:31:21,32024,-77.023854,38.989724
Fenton St & New York Ave ,21351,2013-09-28 13:17:18,2023-02-28 22:20:57,32001,-77.023082,38.985404
Fern St & Army Navy Dr,4873,2020-11-09 10:08:29,2022-12-08 10:49:50,,-77.056,38.864
Fessenden St & Wisconsin Ave NW,25452,2013-02-11 09:43:16,2023-02-28 12:47:11,31309,-77.082426,38.954812
Fillmore & Bisdorf,230,2021-12-16 09:58:55,2023-02-26 11:03:37,31961,-77.116206,38.83863
First St & Fayette St,2859,2022-03-28 18:04:20,2023-02-28 17:51:50,31970,-77.050105,38.817019
First and Fayette,47,2022-03-17 21:05:31,2022-03-28 11:11:36,,-77.05,38.817
Fishers Ln & Rock Creek Mill Rd,2489,2018-03-28 19:01:23,2023-02-25 09:35:40,32080,-77.113454,39.0629
Fleet St & Ritchie Pkwy,6108,2013-10-27 14:44:58,2023-02-26 15:49:14,32032,-77.141378,39.076331
Fleet St & Waterfront St,8046,2018-09-19 17:48:11,2023-02-28 09:10:16,32406,-77.016059,38.782633
Florida Ave & R St NW,304632,2010-09-24 10:29:41,2023-02-28 23:09:05,31503,-77.0135,38.9126
Fort Lincoln Dr & 33rd Pl NE,111,2022-12-13 19:37:49,2023-02-27 08:36:30,31537,-76.9556866,38.9216413
Fort Stanton Rec Center,683,2019-12-25 15:07:40,2023-02-27 10:50:28,31825,-76.97768801437633,38.85736903758752
Fort Totten Metro,38080,2014-02-19 14:31:38,2023-03-01 11:17:29,31515,-77.002721,38.952369
Founders Row/W Broad St & West St,154,2022-12-02 16:27:58,2023-02-28 20:05:59,32600,-77.183178,38.8901554
Four Mile Run Dr & S Shirlington Rd,7415,2019-03-02 09:09:09,2022-12-09 15:16:22,,-77.085,38.844
Four Mile Run Dr & S Walter Reed Dr,8968,2019-03-01 08:43:31,2022-12-09 15:24:13,,-77.095,38.847
Franklin & S Washington St,12363,2016-07-21 15:35:31,2019-02-28 20:59:29,,-86.8688899,35.9250637
Franklin St & S Washington St,13207,2019-03-01 10:25:35,2023-02-28 18:35:59,31907,-77.0487,38.798133
Frederick Ave & Horners Ln,2976,2013-09-27 17:35:58,2023-01-15 13:41:16,32009,-77.145213,39.094772
Friendship Blvd & Willard Ave,23133,2013-11-13 17:04:43,2023-02-28 20:59:38,32040,-77.088659,38.96115
Friendship Hts Metro / Wisconsin Ave & Wisconsin Cir,14648,2019-03-01 09:03:58,2023-02-28 18:57:06,32014,-77.085998,38.961763
Friendship Hts Metro/Wisconsin Ave & Wisconsin Cir,30029,2013-09-27 12:02:07,2019-02-28 23:03:29,,-77.0850407,38.9594117
Ft Myer Dr & Arlington Blvd,104,2020-12-08 23:18:54,2021-01-19 22:02:14,,-77.0722002,38.8943823
GMU / Fairfax Dr & Kenmore St,10263,2018-12-01 11:10:08,2022-06-28 15:09:58,,-77.31174709999999,38.8314578
GMU/Fairfax Dr & Kenmore St,2811,2022-06-28 16:17:36,2023-02-28 22:56:55,31040,-77.10030198097229,38.884702715757356
Gallaudet / 8th St & Florida Ave NE,96358,2012-07-11 17:12:37,2023-02-28 22:50:25,31508,-76.9941,38.90509
Garland Ave & Walden Rd,3100,2018-04-28 10:22:50,2023-02-28 12:54:22,32082,-77.00077,39.00048
George Mason Dr & Wilson Blvd,41046,2012-04-30 12:37:05,2023-02-28 19:46:48,31036,-77.1207,38.87887
George Mason High School / Haycock Rd & Leesburg Pike,1929,2019-05-08 18:10:48,2021-07-27 10:24:25,,-77.191986,38.897787
Georgetown Harbor / 30th St NW,386988,2010-10-05 18:34:39,2023-02-28 23:33:59,31215,-77.05911666154861,38.90226780126366
Georgia & Missouri Ave NW,22364,2015-08-25 08:40:15,2023-02-28 19:40:19,31411,-77.027855,38.961339
Georgia & New Hampshire Ave NW,241486,2010-09-20 17:53:16,2023-02-28 23:42:37,31400,-77.02418088912964,38.9366839345886
Georgia Ave & Dahlia St NW,4,2023-02-26 17:03:44,2023-02-28 13:54:39,31425,-77.026747,38.976061
Georgia Ave & Emerson St NW,34546,2013-04-13 17:26:04,2023-02-28 18:49:33,31405,-77.027333,38.949662
Georgia Ave & Fairmont St NW,6292,2022-02-22 15:36:25,2023-02-28 18:59:26,31207,-77.02232748270035,38.924784585266956
Georgia Ave & Kennedy St NW,10311,2018-01-10 17:40:02,2023-02-28 21:22:12,31415,-77.02791,38.95674
Georgia Ave & Morton St NW,44573,2019-05-23 15:12:29,2023-02-28 23:52:57,31419,-77.0235,38.932128
Georgia Ave & Piney Branch Rd NW,13470,2017-03-09 09:23:27,2023-02-28 21:15:22,31414,-77.027976,38.967505
Georgia Ave & Spring St,8560,2013-10-31 10:34:26,2023-02-28 19:02:52,32035,-77.031555,38.999388
Georgia Ave and Fairmont St NW,89772,2010-09-20 12:47:36,2022-02-21 21:44:02,,-77.02232750000002,38.9247846
Glebe Rd & 11th St N,35475,2012-05-17 12:45:14,2023-02-28 18:15:30,31038,-77.116817,38.883921
Golf Course Sq and Golf Course Dr,667,2021-07-20 18:59:54,2023-02-28 19:45:02,32246,-77.353552,38.944013
Good Hope & Naylor Rd SE,5300,2010-10-12 16:48:16,2023-02-27 09:28:12,31700,-76.969184,38.861663
Good Hope Rd & 14th St SE,15620,2012-05-03 16:14:57,2023-02-28 07:25:01,31803,-76.985238,38.866611
Good Hope Rd & MLK Ave SE,29431,2010-09-20 16:55:04,2023-02-28 18:03:29,31802,-76.988039,38.867373
Grand Park & Rose Ave,1204,2018-05-23 11:18:08,2019-03-31 10:18:34,,-86.151,40.06
Grandview & Blueridge Ave,3515,2017-03-02 18:34:56,2023-02-27 11:37:40,32065,-77.053085,39.043272
Grant Circle,15868,2020-03-10 15:34:14,2023-02-28 21:22:36,31421,-77.01822102069855,38.942024743273045
Gravelly Point,89589,2018-12-02 14:54:34,2023-02-28 19:48:03,31064,-77.039511,38.865029
Green Range Dr and Glade Dr,293,2021-07-23 19:32:25,2023-02-18 15:24:46,32249,-77.36786842346191,38.93714618600706
Greenbelt Station Parkway,1652,2021-06-24 17:33:23,2023-02-26 08:47:52,32426,-76.916243,39.002459
Greensboro & International Dr,1652,2016-10-26 13:44:26,2023-02-27 12:24:18,32221,-77.227417,38.923083
Greensboro & Pinnacle Dr,842,2018-05-02 16:17:54,2023-02-25 17:19:40,32227,-77.23034,38.92245
Greensboro Metro East,13,2023-01-20 23:42:07,2023-02-23 13:26:33,32211,-77.233165204525,38.920687266851736
Hains Point/Buckeye & Ohio Dr SW,117714,2013-11-09 08:02:41,2023-02-28 23:51:04,31273,-77.03023,38.878433
Half & Water St SW,14613,2020-08-14 12:04:12,2023-02-28 22:57:48,31664,-77.010551,38.866277
Hamlin & 7th St NE,44844,2013-08-16 16:39:39,2023-02-28 23:09:53,31514,-76.997194,38.927497
Hardy Rec Center,11537,2020-03-19 19:21:48,2023-02-28 19:10:57,31326,-77.08564639091492,38.90970086204467
Hartland Rd & Harte Pl,649,2021-09-24 16:29:07,2023-02-26 17:26:01,32255,-77.222808,38.878601
Harvard St & Adams Mill Rd NW,96869,2010-10-14 08:15:56,2023-02-28 18:03:09,31112,-77.043358,38.927872
Henry Bacon Dr & Lincoln Memorial Circle NW,415424,2016-06-14 13:29:29,2023-02-28 22:16:16,31289,-77.049383,38.890539
Henry St & Pendleton St,26113,2012-08-31 18:19:06,2023-02-25 11:50:54,31046,-77.050276,38.811456
Holmes Run Pkwy & N Pickett St,1411,2022-01-17 19:46:54,2023-02-28 16:34:46,31963,-77.11893,38.814305
Hyattsville Library / Adelphi Rd & Toledo Rd,1754,2019-04-13 11:42:17,2023-02-28 15:20:34,32417,-76.9493,38.9698
Independence Ave & L'Enfant Plaza SW/DOE,144008,2013-08-06 12:10:58,2023-02-28 20:30:02,31633,-77.025762,38.887312
Inlet Ct & Wiehle Dr,172,2021-07-18 09:03:49,2023-02-26 13:22:06,32242,-77.334359,38.965979
Iwo Jima Memorial / Meade & 14th St N,46339,2019-03-01 11:51:53,2023-02-28 19:22:52,31077,-77.071301,38.88992
Iwo Jima Memorial/N Meade & 14th St N,93722,2014-06-12 11:19:38,2019-02-28 20:55:37,,-77.0697213,38.8904365
Jefferson Dr & 14th St SW,889623,2012-03-16 12:18:43,2023-02-28 21:20:19,31247,-77.032427,38.8885525
Jefferson Memorial,582094,2012-05-02 11:20:45,2023-02-28 22:21:30,31249,-77.037413,38.879819
John McCormack Dr & Michigan Ave NE,58305,2010-09-20 19:24:40,2023-02-28 21:00:21,31502,-76.9955,38.9346
John McCormack Rd NE,9216,2019-08-23 16:58:07,2023-02-28 21:18:42,31528,-76.997226,38.938889
Joliet St & MLK Ave SW/Bald Eagle Rec Ctr,495,2017-10-06 16:39:19,2023-02-26 09:21:22,31819,-77.01033,38.81909
Jones Branch & Westbranch Dr,1588,2016-10-21 15:49:05,2023-02-20 11:52:11,32206,-77.219261,38.931911
Jones Branch Drive & Scotts Crossing Rd,826,2019-05-16 17:44:16,2023-02-14 08:26:14,32233,-77.215624,38.928502
Joyce St & 16th St S,17808,2019-03-01 01:52:13,2023-02-28 22:39:04,31091,-77.063275,38.859254
Kansas Ave & Longfellow St NW,4719,2020-11-25 11:50:28,2023-02-28 23:36:54,31423,-77.013821,38.958098
Kansas Ave & Sherman Cr NW,29313,2018-10-05 15:30:51,2023-02-28 23:17:25,31417,-77.02154964208603,38.94796174822241
Kenilworth Terr & Hayes St. NE,225,2022-09-02 15:04:49,2023-02-27 23:58:03,31717,-76.9472873210907,38.90046848783359
Kenilworth Terrace & Hayes St. NE,2518,2019-11-09 15:23:06,2022-09-02 08:24:59,,-76.947524,38.900695
Kenmore Ave & Seminary Rd,862,2021-04-28 20:22:36,2023-02-27 18:49:54,31946,-77.110588,38.828887
Kenmore St & 24th St S,3828,2019-03-04 17:48:49,2022-12-09 14:54:29,,-77.084,38.848
Kennebec St & 11th St N,15502,2016-09-14 08:18:08,2023-02-28 19:20:26,31905,-77.135271,38.880992
Kennedy Center,147185,2010-10-07 12:03:30,2023-02-28 22:48:21,31211,-77.05557,38.897293
Key Blvd & N Quinn St,33967,2012-04-24 08:35:56,2021-01-26 13:37:58,,-77.0861211,38.8933798
Key West Ave & Diamondback Dr,1446,2017-09-07 03:41:19,2023-02-24 15:01:05,32072,-77.202354,39.106152
Key West Ave & Great Seneca Hwy,930,2017-05-29 10:05:07,2023-01-15 12:48:08,32070,-77.20386,39.105642
Key West Ave & Siesta Key Way,2580,2016-02-20 12:53:55,2023-02-24 14:55:13,32052,-77.194774,39.105295
King Farm Blvd & Piccard Dr,9614,2013-11-06 14:48:23,2023-02-28 20:47:52,32038,-77.182669,39.110314
King Farm Blvd & Pleasant Dr,10111,2013-11-01 13:40:59,2023-02-27 07:40:19,32037,-77.171487,39.114688
King Greenleaf Rec Center,25593,2018-11-14 10:40:20,2023-02-28 21:34:58,31654,-77.012443,38.876211
King St & Kenwood Ave,262,2021-12-09 14:50:09,2023-02-28 15:17:59,31957,-77.085066,38.824793
King St & N Pitt St,5082,2022-01-28 12:32:31,2023-02-28 18:41:32,31968,-77.04467564821243,38.8048011316311
King St & Patrick St,52084,2012-08-31 18:01:47,2023-03-01 17:41:43,31044,-77.049883,38.805317
King St & Peyton St,2319,2021-11-18 10:31:05,2023-02-28 18:29:01,31955,-77.055911,38.806002
King St & W Braddock Rd,593,2022-01-23 14:45:10,2023-02-28 23:10:35,31962,-77.088985,38.827674
King St Metro North / Cameron St,47703,2016-02-17 15:35:30,2023-03-01 15:52:32,31098,-77.059817,38.80704
King St Metro South,68861,2012-08-29 11:17:10,2023-02-28 19:34:21,31048,-77.060626745224,38.80576284873485
Kingman Island/The Fields at RFK,16204,2019-11-01 13:19:02,2023-02-28 18:01:17,31716,-76.9678448436025,38.89595455700754
L'Enfant Plaza / 7th & C St SW,355590,2010-10-06 16:26:29,2023-02-28 18:58:29,31218,-77.022241,38.886266
Lake Newport Rd and Autumn Ridge Cir,523,2021-07-27 20:03:08,2023-02-27 08:59:40,32251,-77.35345423221588,38.97850255151454
Lamont & Mt Pleasant NW,337998,2010-09-20 16:56:17,2023-02-28 23:25:12,31107,-77.0388,38.9319
Langston Blvd & N Adams St,8590,2020-04-01 18:51:21,2023-02-28 22:12:47,31030,-77.089006,38.89593
Langston Blvd & N Cleveland St,3614,2020-04-04 14:54:35,2023-02-28 22:16:14,31079,-77.09169,38.894941
Langston Blvd & N Kirkwood Rd,446,2022-09-21 09:25:26,2023-02-28 11:26:42,31094,-77.09713,38.895377
Langston Blvd & N Kirkwood St,2114,2020-04-02 14:54:43,2022-09-21 09:47:24,,-77.1193674,38.8988442
Langston Blvd & N Monroe St,2841,2020-04-02 16:39:55,2023-02-28 17:04:41,31092,-77.104562,38.896456
Langston Blvd & N Scott St,6499,2020-04-02 11:05:23,2023-02-28 20:23:28,31080,-77.080851,38.897612
Langston Blvd & N Woodstock St,2641,2020-04-02 20:19:59,2023-02-28 15:02:09,31900,-77.118009,38.898301
Largo Rd & Campus Way / Prince Georges's Comm Col,1432,2018-08-27 12:35:53,2023-02-28 15:19:39,32405,-76.825535,38.88994
Largo Town Center Metro,2243,2018-06-02 18:43:58,2023-02-28 15:09:26,32401,-76.844604,38.899811
Lee Center,11232,2016-07-22 09:20:19,2023-02-28 14:15:51,31914,-77.053766,38.797557
Lee Hwy & N Adams St,66606,2012-04-25 19:11:02,2021-07-22 10:56:34,,-82.4238686,36.5753341
Lee Hwy & N Cleveland St,32416,2014-07-24 06:37:46,2021-07-22 10:23:37,,-82.4238686,36.5753341
Lee Hwy & N Kirkwood Rd,13511,2015-01-16 06:43:16,2021-07-20 20:18:13,,-82.4238686,36.5753341
Lee Hwy & N Monroe St,12274,2014-11-29 16:25:34,2021-07-22 08:32:34,,-82.4238686,36.5753341
Lee Hwy & N Scott St,50422,2014-08-06 18:25:40,2021-07-22 10:32:45,,-82.4238686,36.5753341
Lee Hwy & N Woodstock St,8686,2016-02-19 17:37:46,2021-07-22 09:57:46,,-82.4238686,36.5753341
Library St & Freedom Dr,3927,2016-10-21 04:56:12,2023-02-27 15:31:56,32216,-77.358741,38.959633
Lincoln Memorial,960312,2012-10-03 09:05:55,2023-02-28 20:24:27,31258,-77.0494365,38.888255
Lincoln Park / 13th & East Capitol St NE ,383274,2010-10-25 17:33:14,2023-03-01 11:18:19,31619,-76.988355,38.890461
Lincoln Rd & Seaton Pl NE/Harry Thomas Rec Center,38956,2017-12-01 13:55:44,2023-02-28 23:17:22,31523,-77.0078,38.915
Links Dr & Wedge Dr,292,2021-07-20 20:28:12,2023-02-20 11:11:30,32245,-77.339295,38.959025
Livingston Rd & 3rd St SE,2594,2017-09-21 01:18:10,2023-02-28 18:12:05,31818,-77.00223,38.82373
Long Bridge Aquatic Center,4272,2021-09-16 14:15:09,2023-02-28 18:22:08,31950,-77.04409494996071,38.87056104566178
Long Bridge Aquatic ctr,189,2021-08-12 14:32:41,2021-09-16 07:32:59,,-77.04409489999999,38.870561
Long Bridge Dr & 6th St S,234,2018-12-02 00:18:23,2019-02-28 16:56:10,,-79.083,37.64
Long Bridge Park / Long Bridge Dr & 6th St S,8563,2019-03-02 11:52:09,2023-02-28 21:40:42,31090,-77.05003,38.865553
Long Bridge Park/Long Bridge Dr & 6th St S,11061,2013-11-15 11:47:44,2018-12-04 07:30:29,,-77.0464764,38.8671948
Loughboro Rd & Dalecarlia Pkwy NW / Sibley Hospital,64,2023-01-29 12:23:25,2023-02-28 18:27:02,31334,-77.106913,38.935839
Lynn & 19th St North,231180,2011-04-16 19:34:58,2019-02-28 22:45:40,,-70.9494938,42.46676300000001
Lynn St & 19th St North,71318,2019-03-01 05:14:39,2022-11-18 09:29:22,,-77.07,38.897
Lyttonsville Rd & Lyttonsville Pl,4612,2016-04-01 18:00:51,2023-02-25 08:57:03,32054,-77.051168,38.999679
M St & New Jersey Ave SE,229497,2010-09-20 11:27:04,2023-02-28 23:17:29,31208,-77.0037,38.8763
M St & Pennsylvania Ave NW,463825,2011-12-21 12:01:12,2023-03-01 00:21:46,31246,-77.056887,38.905126
MBT & Bryant St NE,26301,2021-08-31 12:59:45,2023-02-28 22:32:46,31531,-76.9960230588913,38.92240364115446
MTL-ECO5-03,4,2021-02-12 17:04:26,2021-02-17 00:54:17,,-73.56739189999999,45.5018869
Madison & Fairfax St,14727,2016-11-10 12:17:32,2019-02-28 20:58:48,,-77.04946799999999,38.813485
Madison & N Henry St,9218,2016-02-17 07:47:07,2019-02-28 17:39:46,,-77.04946799999999,38.813485
Madison St & Fairfax St,19997,2019-03-01 07:53:25,2023-02-28 17:36:18,31918,-77.040691,38.812351
Madison St & N Henry St,7726,2019-03-01 07:31:22,2023-02-28 16:58:47,31099,-77.049468,38.813485
Main Line Blvd & E Glebe,7842,2021-12-09 16:19:00,2023-02-28 21:48:26,31959,-77.049772,38.832431
Maine Ave & 7th St SW,248801,2010-10-13 09:45:56,2023-02-28 23:40:20,31609,-77.02305436134338,38.878693599396954
Maine Ave & 9th St SW,158047,2017-10-10 10:24:19,2023-02-28 23:22:28,31646,-77.025236,38.88044
Maine Ave & Water St SW,5990,2022-08-03 12:57:50,2023-02-28 21:46:53,31674,-77.02094480395317,38.87674677186661
Mandeville Ln & Stovall St,560,2022-09-07 15:23:37,2023-02-28 19:21:15,31974,-77.072558,38.802893
Maple & Ritchie Ave,17777,2013-09-27 13:31:28,2023-02-27 12:11:29,32011,-77.006311,38.983627
Market Square / King St & Royal St,94075,2012-08-27 10:59:28,2023-02-28 09:46:46,31042,-77.043363,38.804718
Maryland Ave & 17th St NE,24760,2018-12-11 13:50:42,2023-02-28 23:20:04,31656,-76.978627,38.901935
Maryland Ave & E St NE,120955,2015-11-10 11:13:23,2023-02-28 23:44:44,31640,-76.99278563261032,38.8962260397813
Marymount University / Yorktown Blvd & 26th St N,165,2022-10-20 10:01:43,2023-02-28 16:01:58,31977,-77.127776,38.904252
Massachusetts Ave & 6th St NE,53161,2018-12-11 19:54:03,2023-02-28 22:21:25,31657,-76.998273,38.892934
Massachusetts Ave & Dupont Circle NW,1109827,2010-09-20 12:30:50,2023-02-28 22:28:14,31200,-77.0444,38.9101
McKinley St & Connecticut Ave NW,15449,2014-10-15 11:23:06,2019-02-28 21:35:57,,-90.175,41.874
McLean Metro,1523,2019-01-23 09:54:09,2023-02-28 11:26:17,32230,-77.20812678337097,38.92400207520182
Medical Center Dr & Key West Ave,2509,2014-01-09 11:54:41,2023-02-28 12:44:12,32041,-77.196442,39.103091
Medical Center Metro ,12598,2016-02-23 17:56:37,2023-02-28 17:43:26,32053,-77.097882,38.999378
Meridian High School / Haycock Rd & Leesburg Pike,753,2020-04-21 18:03:32,2022-12-01 06:16:33,,-77.1795705,38.9017088
Merrifield Cinema & Merrifield Town Center,4963,2019-06-18 13:25:01,2023-02-28 19:28:53,32235,-77.22997,38.870093
Merrilee Dr & Lauren Elizabeth Lane,3182,2019-05-21 20:19:53,2023-02-26 17:14:52,32234,-77.230681,38.879355
Metro Center / 12th & G St NW,475092,2011-05-13 08:27:12,2023-02-28 23:55:04,31230,-77.02795878052711,38.89832574246664
Minnesota Ave & R St SE,3826,2020-05-15 00:24:53,2023-02-28 13:28:04,31826,-76.978519,38.8693365
Minnesota Ave Metro/DOES,11122,2010-09-20 12:19:46,2023-02-28 15:40:10,31703,-76.947446,38.897063
Mississippi Ave & 19th St SE / THEARC,1800,2017-09-22 09:47:43,2023-02-28 08:29:32,31814,-76.97557,38.84377
Monroe Ave & Leslie Ave,27574,2014-08-20 15:32:42,2023-02-28 23:40:22,31087,-77.053096,38.820932
Monroe St & Monroe Pl,5056,2013-11-01 13:09:20,2023-02-26 15:37:43,32017,-77.149162,39.083673
Montello Ave & Holbrook Terr NE,29293,2018-11-21 15:18:45,2023-02-28 22:18:53,31524,-76.986813,38.907444
Montgomery & East Ln,22218,2013-09-27 15:48:22,2023-02-28 14:26:58,,-86.3077368,32.3792233
Montgomery Ave & Waverly St ,12664,2013-10-20 17:20:07,2023-02-28 19:01:17,32003,-77.09221,38.983838
Montgomery College / W Campus Dr & Mannakee St,1018,2019-03-02 17:24:17,2023-02-28 22:28:06,32023,-77.159048,39.095661
Montgomery College/W Campus Dr & Mannakee St,3434,2013-10-19 17:43:40,2019-02-28 21:59:41,,-77.2405153,39.1547426
Motivate BX Tech office,755,2020-04-19 08:24:31,2020-11-11 12:17:18,,-77.01,38.964
Motivate Tech Office,29,2020-07-29 11:19:11,2022-09-20 11:52:19,,0.0,0.0
Mount Vernon Ave & Bruce St,8632,2016-07-20 15:23:17,2023-02-28 19:32:36,31912,-77.063093,38.841291
Mount Vernon Ave & E Del Ray Ave,31232,2014-08-19 17:30:25,2023-02-28 19:30:12,31086,-77.058541,38.82595
Mount Vernon Ave & E Nelson Ave,24898,2014-08-19 14:31:29,2023-02-28 18:51:38,31085,-77.057619,38.820064
Mount Vernon Ave & Four Mile Run Park,16507,2016-07-20 15:59:03,2023-02-28 21:43:10,31909,-77.064016,38.843422
Mount Vernon Ave & Kennedy St,27313,2014-08-19 18:12:22,2023-02-28 16:35:04,31088,-77.059821,38.833077
Mt Vernon Trail & S. Washington St.,14573,2020-07-01 13:13:52,2023-02-28 18:20:17,31929,-77.049436,38.7930647
N Hampton Dr & Ford Ave,1206,2021-02-09 17:44:00,2023-02-28 20:00:25,31941,-77.106111,38.837306
N Howard St & N Imboden St,209,2021-10-24 13:19:25,2023-02-21 11:07:33,31952,-77.105564,38.818509
N Howard St & Taney Ave,887,2021-03-08 15:33:23,2023-02-18 11:52:51,31943,-77.110014,38.815842
N Lynn St & Fairfax Dr,58500,2016-11-09 17:29:59,2023-02-28 22:57:33,31917,-77.070862,38.89386
N Moore St & Rosslyn Metro,7,2021-05-06 15:32:15,2021-05-06 22:58:53,,-74.0085852,40.7199639
N Oak St & W Broad St,4022,2019-05-09 07:29:50,2023-02-28 22:28:44,32602,-77.179832,38.88837
N Pershing Dr & N George Mason Dr,198,2022-12-09 21:48:26,2023-02-28 21:06:31,31069,-77.107906,38.871822
N Pershing Dr & N Quebec St,236,2022-12-09 22:22:26,2023-02-28 18:55:07,31973,-77.104784,38.874248
N Pershing Dr & N Wayne St,291,2022-12-09 17:29:31,2023-02-28 20:50:53,31065,-77.08596,38.880705
N Pershing Dr & Quebec St,917,2022-05-28 12:00:05,2022-12-09 08:35:11,,-77.099307,38.8765918
N Pershing Dr & Wayne St,26926,2013-07-02 09:25:28,2019-02-28 21:14:41,,-77.099307,38.8765918
N Pitt & Wythe St,447,2020-05-05 14:04:23,2020-09-28 17:46:29,,-77.043,38.811
N Pitt St & Montgomery St,5855,2021-01-29 17:50:06,2023-02-28 18:04:40,31931,-77.04281687736511,38.81403111409755
N Quincy St & Glebe Rd,49201,2012-04-27 19:04:39,2023-02-28 21:44:04,31035,-77.107735,38.876393
N Randolph St & Fairfax Dr,44379,2012-04-27 15:58:17,2019-02-28 22:36:26,,-77.1113352,38.9028894
N Rhodes & 16th St N,36539,2011-04-16 20:02:43,2019-02-28 23:29:10,,28.217,36.434
N Roosevelt St & Roosevelt Blvd,5241,2019-05-09 15:52:39,2023-02-28 17:54:42,32606,-77.153953,38.878085
N Shore Dr & Wainwright Dr,11,2023-01-26 10:52:49,2023-02-26 15:58:36,32259,-77.349764,38.963782
N Veitch  & 20th St N,45787,2012-04-24 06:44:23,2019-02-28 22:56:53,,-77.089,38.896
N Veitch & Key Blvd,31012,2012-04-24 12:06:04,2019-02-28 21:11:25,,-77.088,38.893
N Veitch St & 20th St N,16875,2019-03-01 08:41:32,2023-02-28 21:34:08,31029,-77.086502,38.896923
N Veitch St & Key Blvd,7895,2019-03-01 13:20:03,2023-02-28 19:27:32,31028,-77.086063,38.893237
N. Beauregard St. & Berkley St.,2859,2020-06-30 16:53:51,2023-02-28 18:37:54,31928,-77.10773438215256,38.84154815912996
Nannie Helen Burroughs & Minnesota Ave NE,4759,2010-10-05 17:58:49,2023-02-26 18:21:04,31704,-76.941877,38.901385
Nannie Helen Burroughs Ave & 49th St NE,5135,2013-11-11 09:23:18,2023-02-28 16:34:02,31710,-76.931862,38.898536
National Airport,7345,2020-12-02 14:10:49,2023-02-28 21:15:54,31935,-77.045916,38.852903
National Harbor Carousel,16651,2019-12-07 13:28:16,2023-02-28 20:33:28,32423,-77.0167,38.7859
Neal St & Trinidad Ave NE,83414,2013-06-14 11:32:14,2023-02-28 21:25:39,31512,-76.987211,38.903732
Nebraska Ave/AU East Campus,5011,2017-06-22 19:40:25,2019-02-28 21:52:29,,-77.036,38.907
Needwood Rd & Eagles Head Ct,4307,2013-10-18 17:39:40,2023-02-28 17:56:20,32018,-77.15741,39.123513
New Dominion Pkwy & Fountain Dr,2579,2016-10-21 06:00:15,2023-02-20 14:45:27,32212,-77.356324,38.960574
New Hampshire & Gallatin St NW,16281,2019-01-11 06:12:47,2023-02-28 18:49:39,31418,-77.012808,38.951596
New Hampshire & Kirklynn Ave,2211,2017-02-17 10:35:54,2023-02-25 16:38:14,32061,-76.988422,38.988101
New Hampshire & Lockwood,803,2020-05-03 18:29:15,2023-02-28 12:49:33,32089,-76.9918237,39.0391022
New Hampshire Ave & 24th St NW,262049,2014-08-06 15:49:56,2023-02-28 23:37:35,31275,-77.051084,38.901755
New Hampshire Ave & East-West Hwy,1972,2019-04-27 12:59:40,2023-02-28 18:27:37,32412,-76.995227,38.974205
New Hampshire Ave & T St NW,770663,2010-10-15 10:24:36,2023-02-28 23:12:46,31229,-77.038252,38.915544
New Hampshire Ave & Ward Pl NW,94753,2020-04-01 08:19:07,2023-02-28 21:40:09,31212,-77.0473176240921,38.90571079190728
New Jersey Ave & F St NW,100668,2018-12-06 12:41:50,2023-02-28 23:06:41,31655,-77.011616,38.897108
New Jersey Ave & H St SE,7731,2022-09-15 14:14:49,2023-02-28 22:59:04,31828,-77.00574070215225,38.880760725950644
New Jersey Ave & K St NW,13455,2022-03-23 09:14:29,2023-02-28 23:18:31,31642,-77.01366662979126,38.90257109172293
New Jersey Ave & L St NW,23928,2016-08-02 08:42:47,2019-07-31 22:46:06,,-77.013,38.903
New Jersey Ave & N St NW/Dunbar HS,161853,2013-11-05 09:47:59,2023-02-28 21:40:54,31636,-77.01536044478416,38.90733256111448
New Jersey Ave & R St NW,188277,2013-05-14 08:01:45,2023-02-28 23:05:28,31509,-77.017669,38.912659
New York Ave & 15th St NW,468818,2010-10-09 12:33:23,2023-02-28 21:36:13,31222,-77.03335404396057,38.89903234416315
New York Ave & Hecht Ave NE,78922,2015-11-12 18:05:23,2023-02-28 22:15:32,31518,-76.983683,38.915604
Norfolk & Rugby Ave,11617,2013-10-25 17:39:44,2023-02-28 19:44:38,32028,-77.100239,38.990639
Norfolk Ave & Fairmont St,21408,2013-09-27 12:48:38,2023-02-28 13:16:24,32000,-77.096539,38.988562
North Bethesda Metro,338,2022-09-13 16:47:11,2023-02-26 16:45:07,32075,-77.11287,39.04753
North Capitol & K St NE,4525,2022-08-12 12:27:11,2023-02-28 20:23:29,31675,-77.00824588537216,38.90244372501735
North Capitol & R St NE,40850,2019-07-30 16:04:23,2023-02-28 23:22:37,31527,-77.00891107320786,38.912912458206925
North Capitol St & F St NW,516960,2010-10-26 14:47:58,2023-02-28 23:05:46,31624,-77.009888,38.897446
North Capitol St & G Pl NE,137933,2013-12-13 10:20:34,2023-02-28 23:52:06,31637,-77.008911,38.899703
North Shore & Cameron Crescent Dr/Crescent Apartments,1026,2017-01-13 11:05:56,2023-02-18 15:59:16,32209,-77.338686,38.970046
North Shore Dr & Village Rd,3048,2017-02-23 16:46:58,2023-02-26 12:52:25,32223,-77.340787,38.970412
North Village and Park Garden,303,2021-09-19 17:20:25,2023-02-26 16:13:13,32256,-77.341823,38.983199
Northwestern High School,1743,2019-04-17 15:43:21,2023-02-28 22:55:53,32411,-76.952199,38.975505
Oak Leaf & Lockwood,928,2020-05-02 16:00:59,2023-02-22 08:19:27,32094,-76.9945391,39.0379809
Offutt Ln & Chevy Chase Dr,19482,2013-10-25 13:30:00,2023-02-28 19:06:47,32029,-77.094589,38.977093
Oglethorpe St & 42nd Ave,4090,2019-04-18 23:00:03,2023-02-26 22:11:52,32408,-76.946361,38.959361
Ohio Dr & West Basin Dr SW / MLK & FDR Memorials,330169,2012-03-16 09:57:00,2023-02-28 22:47:38,31240,-77.04657,38.88412
Oklahoma Ave & Benning Rd NE,9100,2020-05-28 20:33:37,2023-02-28 16:54:32,31719,-76.9695094,38.8974996
Oklahoma Ave & D St NE,55275,2015-09-11 16:20:52,2023-02-28 21:53:20,31712,-76.974828,38.894474
Old Georgetown Rd & Southwick St,18086,2013-11-13 15:18:23,2023-02-28 18:09:12,32039,-77.109647,38.999634
Olde Crafts Dr and Cartwright Pl,284,2021-07-24 13:45:22,2023-02-19 11:14:54,32248,-77.354067,38.938797
Oxon Hill Park & Ride,1004,2018-09-22 16:56:19,2023-02-28 20:18:11,32407,-77.00103,38.798749
Park Pl & Rock Creek Church Rd NW,2415,2022-09-08 16:01:46,2023-02-28 21:49:02,31137,-77.01912492513657,38.93713516763736
Park Rd & Holmead Pl NW,382128,2010-09-20 12:29:32,2023-02-28 23:03:51,31602,-77.0315,38.9308
Park Run & Onyx Dr,4937,2018-10-19 19:04:11,2023-02-28 18:58:36,32229,-77.226644,38.92755
Pennsylvania & Minnesota Ave SE,16786,2010-10-08 21:44:42,2023-02-26 21:14:03,31805,-76.971015,38.873057
Pennsylvania Ave & Park Ave,3274,2019-05-09 13:07:16,2023-02-26 16:42:40,32603,-77.176992,38.887403
Penrose Sq/Columbia Pike & S Barton St,2172,2022-03-30 12:57:54,2023-02-28 21:14:46,31971,-77.084259,38.863508
Pentagon City Metro / 12th & S Hayes St,87556,2010-09-20 19:53:45,2019-02-28 21:18:45,,-77.059936,38.862303
Pentagon City Metro / 12th St & S Hayes St,35827,2019-03-01 06:19:50,2023-02-28 23:20:15,31005,-77.059936,38.862303
Pentagon Row Plaza / Army Navy Dr & Joyce St,1169,2022-12-09 16:53:44,2023-02-28 20:51:09,31006,-77.06341624259947,38.86331354301248
Perry & 35th St,3996,2018-06-01 17:21:42,2023-02-28 16:59:09,32404,-76.960054,38.936213
Pershing & N George Mason Dr,27679,2013-08-29 15:34:16,2019-02-28 21:17:31,,-77.11,38.871
Pershing Dr & N George Mason Dr,10278,2019-03-01 09:39:05,2022-12-09 10:01:14,,-77.107,38.871
Pershing Dr & Wayne St,9588,2019-03-01 09:21:11,2022-12-08 18:54:16,,-77.085,38.88
Philadelphia & Maple Ave,15369,2013-09-27 14:12:55,2022-10-03 17:12:01,,-75.1652215,39.9525839
Piccard & W Gude Dr,4496,2013-10-27 15:28:44,2023-02-28 17:25:22,32033,-77.177091,39.102212
Pleasant St & MLK Ave SE,14593,2013-06-04 09:14:53,2023-02-28 14:20:32,31807,-76.990037,38.863897
Pooks Hill Rd & Linden Ave,4342,2017-01-08 09:37:02,2023-02-23 18:14:00,32057,-77.107143,39.014716
Potomac & M St NW,146266,2017-04-13 11:36:01,2023-02-28 23:28:40,31295,-77.065246,38.905509
Potomac & Pennsylvania Ave SE,222289,2010-09-22 16:08:46,2023-02-28 23:17:24,31606,-76.9862,38.8803
Potomac & Swann Ave,19113,2016-07-28 17:39:13,2019-02-28 22:33:59,,-77.208,39.018
Potomac Ave & 35th St S,43059,2011-02-08 16:03:44,2023-02-28 22:07:38,31052,-77.050537,38.844015
Potomac Ave & 8th St SE,63094,2013-10-09 12:44:20,2023-02-28 23:14:34,31635,-76.994468,38.876737
Potomac Ave & Half St SW,32565,2018-07-11 14:16:14,2023-02-28 22:45:08,31648,-77.01081544160843,38.86968314861632
Potomac Ave & Main Line Blvd,16099,2016-06-07 20:00:18,2023-02-27 21:26:42,31910,-77.049265,38.822738
Potomac Ave & Swann Ave,23669,2019-03-01 17:42:53,2023-02-28 20:24:11,31916,-77.047844,38.829545
Potomac Greens Dr & Slaters Ln,33767,2014-08-20 13:06:45,2023-02-28 16:52:52,31083,-77.047494,38.82175
Powhatan St & Bashford Ln,15795,2016-07-28 16:39:03,2023-02-28 21:48:30,31915,-77.047783,38.818748
Prince George's Plaza Metro,6492,2019-09-11 17:19:19,2023-02-28 22:50:22,32420,-76.954803,38.965742
Prince St & Union St,78687,2012-08-27 08:36:27,2023-02-28 18:06:47,31041,-77.040363,38.803124
Queens Chapel & Hamilton St,3963,2019-04-25 14:04:54,2023-02-28 23:48:31,32410,-76.9595,38.9546
Radford & Osage St,2725,2016-06-09 14:32:00,2019-02-28 18:52:01,,-80.5764477,37.13179239999999
Radford St & Osage St,2833,2019-03-04 18:54:42,2023-02-24 18:04:54,,-77.086,38.828
Randle Circle & Minnesota Ave SE,3748,2010-09-25 14:04:59,2023-02-28 23:34:23,31702,-76.9607,38.878
Reed & Edison,1676,2022-05-15 12:01:57,2023-02-28 10:12:39,31956,-77.060899,38.83728
Reed and Edison,173,2021-12-03 18:19:55,2022-05-10 17:28:45,,-77.06089899999999,38.83728
Reservoir Rd & 38th St NW,36965,2020-01-03 10:11:49,2023-02-28 23:35:41,31325,-77.07432264076488,38.91261359469192
Reston Pkwy & Bennington Woods Rd,534,2021-07-13 18:03:46,2023-02-28 18:19:33,32241,-77.351837,38.973625
Reston Pkwy & Spectrum Dr,1368,2017-05-09 17:47:00,2023-02-28 18:11:46,32225,-77.35428035259247,38.964207741006206
Reston Regional Library,769,2016-10-05 10:43:24,2023-01-16 10:23:22,,-77.35881499999999,38.96209500000001
Reston Station,9717,2016-10-05 09:37:04,2018-12-04 09:32:53,,-77.3380643,38.948943
Reston Town Center Metro North,203,2022-10-28 13:51:25,2023-02-28 17:36:07,32243,-77.359717,38.953691
Reston Town Center Metro South,120,2022-10-28 13:27:04,2023-02-28 19:10:33,32258,-77.361466,38.9523
Reston Town Center Transit Station,12549,2016-10-05 11:17:09,2023-02-27 20:46:33,,-77.358741,38.959633
Reston YMCA,3732,2016-10-21 09:15:24,2023-02-28 23:23:01,32219,-77.368416,38.955314
Rhode Island & Connecticut Ave NW,390063,2011-11-18 13:07:40,2023-02-28 22:38:43,31239,-77.03980207443237,38.905995699991145
Rhode Island & Montana Ave NE,6321,2019-08-01 07:39:40,2023-02-28 13:03:16,31526,-76.9859,38.9243
Rhode Island Ave & 39th St / Brentwood Arts Exchange,3878,2019-04-19 18:27:12,2023-02-26 10:51:50,32413,-76.955047,38.939271
Rhode Island Ave & Montana Ave NE,433,2019-06-06 14:48:11,2019-07-31 20:44:03,,-76.9854606,38.9246899
Rhode Island Ave & V St NE,67689,2013-07-30 16:33:53,2023-02-28 23:36:18,31513,-77.004746,38.918155
Rhode Island Ave Metro,69158,2014-02-24 12:26:32,2023-02-28 22:37:08,31516,-76.995876,38.920682
Rhodes St & 16th St N,11443,2019-03-01 07:58:44,2023-02-28 23:06:53,31018,-77.079375,38.892164
Ridge Heights Rd & Seahawks Dr,805,2021-07-10 11:55:42,2023-02-28 21:45:32,32238,-77.337775,38.936061
Ridge Heights and Owl Cove Ln,789,2021-07-31 19:21:30,2023-02-28 17:15:24,32252,-77.331653,38.933923
Ridge Rd & Southern Ave SE,19,2023-01-13 16:37:21,2023-02-26 22:22:31,31723,-76.935246,38.872976
Ridge Rd Community Center,405,2019-12-31 12:15:23,2023-02-26 15:15:09,31718,-76.94098126958124,38.876227445751475
Riggs Rd & East West Hwy,2140,2019-04-28 12:07:26,2023-02-28 21:16:52,32414,-76.9807,38.9725
Ring Rd & North Shore Dr,286,2021-07-14 07:37:06,2023-02-23 15:24:10,32240,-77.326761,38.970807
Ripley & Bonifant St,11944,2013-10-30 18:11:02,2019-10-17 09:34:00,,-77.03,38.992
River Rd & Landy Ln,44231,2014-04-08 15:40:07,2023-02-28 21:06:29,32046,-77.103381,38.964992
Riverdale Park Town Center,6750,2019-09-13 06:38:16,2023-02-26 15:09:21,32421,-76.935578,38.962119
Rockville Metro East,5456,2014-02-23 15:17:15,2023-02-26 13:33:55,32044,-77.145803,39.085394
Rockville Metro West,6231,2014-04-19 17:49:39,2023-02-23 11:40:33,32047,-77.146866,39.084379
Rockville Pike & Meeting St,1985,2019-04-01 08:47:46,2021-08-20 00:22:37,,-77.1117101,39.0444721
Rockville Pike & Old Georgetown Rd,3281,2018-03-23 13:41:25,2023-02-28 14:01:56,32077,-77.11368,39.049765
Rolfe St & 9th St S,13365,2014-03-14 15:37:27,2023-02-28 21:48:34,31075,-77.076131,38.866471
Roosevelt Center & Crescent Rd,1021,2021-06-12 13:43:42,2023-02-26 15:10:55,32424,-76.878005,39.00031
Roosevelt Island,62158,2018-07-01 08:17:47,2023-02-28 18:36:41,31062,-77.06714,38.896553
Rosedale Rec Center,20649,2019-03-01 05:54:26,2023-02-28 20:30:55,31658,-76.979634,38.897808
Rosedale Rec Center / 17th & Gales St NE,388,2019-01-10 07:49:32,2019-02-28 21:51:37,,-76.97963399999999,38.897808
Rosslyn Metro / Wilson Blvd & Ft Myer Dr,142261,2011-04-18 16:33:30,2021-08-11 17:02:38,,-77.0767123,38.8943893
Rosslyn Metro / Wilson Blvd & N Moore St,24411,2021-05-07 16:10:45,2023-02-28 23:06:03,31947,-77.07145214080809,38.896086906318665
Royal & Wilkes St,8401,2016-04-28 19:55:29,2019-02-28 18:33:18,,-77.047,38.799
Royal St & Wilkes St,11905,2019-03-01 20:36:35,2023-02-28 17:26:03,31903,-77.0447,38.799267
S Arlington Mill Dr & Campbell Ave,43670,2013-04-24 10:57:10,2023-02-28 22:26:56,31060,-77.089555,38.84232
S Clark St & 33rd St,6261,2021-03-12 15:31:11,2023-02-28 17:37:42,31944,-77.051956,38.845028
S Four Mile Run & Walter Reed Dr,10590,2013-04-24 12:05:09,2019-02-28 21:48:46,,-77.0958198,38.8476366
S Four Mile Run Dr & S Shirlington Rd,11849,2013-04-23 19:12:25,2019-02-26 19:32:42,,-77.0958198,38.8476366
S Four Mile Run Dr & Shirlington Rd,210,2022-12-10 13:00:14,2023-02-28 23:40:25,31057,-77.085931,38.8444
S Four Mile Run Dr & Walter Reed Dr,244,2022-12-09 15:49:36,2023-02-28 22:34:04,31059,-77.095431,38.84736
S George Mason & Four Mile Run Dr,5848,2019-03-02 10:45:42,2022-12-08 17:07:17,,-77.31174709999999,38.8314578
S George Mason Dr & 13th St S,1938,2013-07-01 20:06:23,2018-06-29 08:40:59,,-77.1086187,38.852237
S George Mason Dr & Four Mile Run,9507,2013-07-01 14:33:58,2019-02-27 13:38:53,,-77.1086187,38.852237
S George Mason Dr & S Four Mile Run Dr,68,2022-12-10 10:35:52,2023-02-28 17:53:16,31063,-77.105022,38.852248
S Glebe & Potomac Ave,64956,2010-09-20 20:06:17,2019-02-28 22:32:20,,151.1869715,-33.8797767
S Glebe Rd & Potomac Ave,21907,2019-03-01 10:09:49,2023-03-01 18:00:37,31010,-77.0502,38.8426
S Jordan St & Venable St,503,2021-11-23 14:09:06,2023-02-28 16:19:26,31954,-77.109975,38.811361
S Joyce & 16th St S,21528,2014-11-05 19:47:15,2019-02-28 21:04:49,,-77.0632976,38.8577287
S Joyce & Army Navy Dr,61910,2010-09-20 18:46:07,2019-02-28 17:25:23,,-77.0632976,38.8577287
S Kenmore & 24th St S,3586,2013-05-03 07:12:07,2019-02-28 17:54:17,,-77.084918,38.848454
S Kenmore St & 24th St S,246,2022-12-09 16:22:27,2023-02-28 16:16:10,31061,-77.084918,38.848454
S Maple Ave & S Washington St,4077,2019-05-08 20:26:04,2023-02-28 19:38:08,32607,-77.178408,38.87972
S Oakland St & Columbia Pike,3441,2013-04-24 12:16:35,2019-02-28 18:07:28,,-86.667,40.194
S Pickett St & Shillings St,1290,2021-11-12 13:56:38,2023-02-28 09:36:40,31953,-77.132334,38.804486
S Randolph St & Campbell Ave,2641,2020-04-01 12:41:39,2023-02-28 11:19:29,31076,-77.08865851163864,38.84065400672152
S Reynolds St & Edsall Rd,399,2022-01-30 12:57:10,2023-02-26 12:46:49,31967,-77.128908,38.809607
S Stafford & 34th St S,3127,2013-07-02 12:37:38,2018-12-03 17:13:57,,-2.12066,52.806693
S Troy St & 26th St S,12914,2013-04-25 17:56:09,2023-02-28 12:37:50,31056,-77.075104,38.847977
S Wakefield St & 28th Rd S,626,2022-05-10 19:18:40,2022-12-09 00:21:54,,-77.0991918,38.844851
S Wakefield St & 28th St S,115,2022-12-10 12:12:43,2023-02-28 16:42:42,31972,-77.098093,38.84404
S Walter Reed Dr & 8th St S,6254,2015-06-03 16:53:30,2019-02-28 22:58:01,,-77.0911746,38.8522092
S Washington St & Wilkes St,988,2021-12-08 16:41:33,2023-02-28 14:49:22,31958,-77.048043,38.800703
Saint Asaph & Madison St,19017,2016-02-17 10:03:47,2019-02-28 20:54:11,,-3.4418762,53.2577125
Saint Asaph St & Madison St,12949,2019-03-01 08:13:46,2023-02-28 09:13:56,31097,-77.044097,38.812718
Saint Asaph St & Pendleton  St,38913,2012-08-27 13:42:00,2020-08-26 08:10:24,,-77.0445014,38.8112062
Shady Grove Hospital,1193,2014-01-09 14:51:04,2023-01-15 13:03:11,,-77.196636,39.097636
Shady Grove Metro East,7774,2017-04-11 19:35:51,2023-02-15 17:29:15,32067,-77.164969,39.121327
Shady Grove Metro West,15597,2014-04-19 18:12:34,2023-02-28 20:37:05,32045,-77.166093,39.119765
Shirlington Transit Center / Quincy St & Randolph St,3916,2019-03-02 12:06:54,2021-08-17 06:06:37,,-77.0938583,38.8382463
Shirlington Transit Center / S Quincy & Randolph St,8406,2014-03-14 13:12:04,2019-02-27 22:26:09,,-77.0938583,38.8382463
Silver Spring Metro / Colesville Rd & Wayne Ave,8251,2019-03-01 16:54:46,2023-02-28 17:13:41,32012,-77.02912420034409,38.995256441231696
Silver Spring Metro/Colesville Rd & Wayne Ave,11847,2013-09-27 14:26:30,2019-02-28 22:14:22,,-77.0175437,39.0106126
Silver Spring Transit Center - Top Level,2467,2019-11-13 11:41:15,2023-02-28 16:01:59,32034,-77.03037142753601,38.99403485060837
Sligo Ave & Carroll Ln,8359,2016-11-10 09:39:23,2023-02-28 19:22:34,32058,-77.016311,38.990874
Smithsonian-National Mall / Jefferson Dr & 12th St SW,649455,2012-04-02 08:49:01,2023-02-28 18:14:11,31248,-77.028694,38.888774
Soapstone Dr Convenience Center,417,2021-07-31 15:15:20,2023-02-24 16:45:05,32253,-77.345874,38.93051
Solutions & Greensboro Dr,70,2016-10-21 16:19:23,2017-05-20 20:42:19,,-77.233,38.923
South Capitol & Atlantic St SW,3460,2016-04-13 10:15:51,2023-02-26 16:30:51,31811,-77.008133,38.831516
South Capitol St and Southern Ave SE,15,2023-01-31 15:57:38,2023-02-28 18:04:08,31830,-77.001095,38.821563
South Dakota Ave & 33rd St NE,44,2022-12-17 10:33:02,2023-02-25 12:08:50,31539,-76.960696,38.921986
South Dakota Ave & Bladensburg Rd NE,78,2022-12-14 16:27:53,2023-02-28 17:55:15,31538,-76.964896,38.9252
South Gate Community Center,672,2021-07-23 02:39:45,2023-02-24 16:56:00,32250,-77.366499,38.941496
South Lakes Dr and Reston Pkwy,329,2021-07-21 19:10:18,2023-02-28 19:04:05,32247,-77.362304,38.94335
Southern Ave Metro,806,2019-07-04 22:21:17,2023-02-27 12:36:43,32409,-76.9753,38.840107
Spring Hill Metro,2400,2016-10-06 09:25:10,2023-02-21 18:33:22,32200,-77.240654,38.929261
Spring St & 2nd Ave,1940,2019-03-04 09:08:14,2023-02-25 08:54:03,32050,-77.034499,38.997653
Spring St & Second Ave,3098,2014-11-20 12:51:08,2019-02-26 18:11:43,,-77.034499,38.997653
St Asaph & Pendleton St,5889,2020-04-03 15:15:13,2023-02-28 17:41:11,31043,-77.0446327328682,38.81074147938705
St. Asaph & Montgomery St,375,2020-09-29 18:22:47,2021-01-25 11:45:50,,-3.4418762,53.2577125
St. Elizabeths West Campus/DHS,1927,2021-08-05 19:58:13,2023-02-28 18:24:17,31827,-77.005174,38.853124
Stadium Armory Metro,11668,2020-09-11 10:31:11,2023-02-28 20:59:40,31665,-76.97718724608421,38.88548252734069
Stanton Square SE,1766,2018-09-12 12:23:53,2023-02-28 16:13:44,31822,-76.984512,38.855004
State Theatre / Park Pl & N Washington St,1419,2019-05-08 12:13:33,2022-06-13 19:12:40,,-77.17,38.882
Stewart & April,676,2020-05-01 21:53:47,2023-02-22 08:12:11,32090,-76.9811552,39.0449444
Stewart Ln & Old Columbia Pike,745,2020-05-04 09:26:27,2023-02-26 13:53:34,32091,-76.9854381,39.0456521
Sunset Hills & Old Reston Ave,7364,2016-10-21 09:09:29,2023-02-28 10:58:26,,-77.351,38.955
Sunset Hills Rd & Discovery Square,3695,2017-01-18 16:21:23,2023-02-28 17:33:56,32217,-77.357611,38.95534
Sunset Hills Rd & Isaac Newton Square,12290,2017-04-02 13:36:46,2023-02-28 17:52:12,,-77.3423065,38.9518328
TJ Cmty Ctr / 2nd St & S Old Glebe Rd,25813,2013-12-13 12:26:35,2023-02-28 19:06:32,31074,-77.095596,38.869418
Taft St & E Gude Dr,1426,2013-10-27 12:08:50,2019-11-12 11:52:40,,-80.226,26.024
Takoma Metro,85329,2014-02-19 14:09:14,2023-02-28 22:49:16,31408,-77.016855,38.975219
Takoma Park Rec Center,2354,2017-02-17 12:05:06,2023-02-28 16:37:58,32059,-76.988311,38.98265
Tanger Outlets,6531,2019-04-17 12:59:58,2023-02-28 23:01:51,32415,-77.0026,38.7968
Tanner Park,12149,2022-08-09 16:41:05,2023-02-28 23:41:14,31533,-77.0022565126419,38.911213594521456
Temporary Rd & Old Reston Ave,3898,2016-10-21 05:46:52,2023-02-26 17:38:06,32218,-77.353414,38.960084
Tenleytown / Wisconsin Ave & Albemarle St NW,126015,2010-10-15 20:41:44,2023-02-28 23:02:32,31303,-77.079382,38.947607
The Mall at Prince Georges,4958,2019-09-11 19:11:18,2023-02-28 22:51:27,32422,-76.954171,38.968842
The Shoppes @ Burnt Mills,834,2020-05-02 09:28:33,2023-02-28 12:34:50,32085,-77.0041217,39.0313141
Thomas Circle,668739,2011-11-19 10:22:19,2023-02-28 23:38:57,31241,-77.0325,38.9059
Thomas Jefferson St NW & Water/K St NW,30093,2020-04-02 12:25:46,2023-02-28 22:41:09,31293,-77.060173,38.902826
Towers Crescent Dr & Tysons One Pl,1339,2016-12-19 19:42:37,2023-02-22 13:32:50,32222,-77.220157,38.915246
Town Center Pkwy & Bowman Towne Dr,2157,2016-10-21 09:51:42,2023-02-02 22:33:22,32210,-77.361902,38.962524
Town Center Pkwy & Sunset Hills Rd,2819,2017-04-20 12:30:31,2023-02-26 15:10:42,32224,-77.3630940914154,38.955170598044894
Traville Gateway Dr & Gudelsky Dr,1930,2013-09-29 12:13:34,2023-02-25 22:07:07,32005,-77.202501,39.093783
Trinidad Rec Center,10143,2019-01-10 09:13:07,2023-02-28 23:58:07,31525,-76.983221,38.906299
Troy St & 26th St S,8411,2019-03-01 07:27:24,2022-12-09 07:02:55,,-85.969951,31.8087678
Twinbrook Metro,4819,2018-03-18 13:38:42,2023-02-28 16:18:28,32074,-77.120776,39.062041
Tysons Corner Station,10809,2016-12-20 10:55:47,2023-02-28 18:52:44,,-77.2310925,38.9187222
Tysons One Pl & Chain Bridge Rd,2971,2017-01-06 08:44:08,2023-02-23 21:24:10,,-77.2213878,38.9192904
Tysons West Transit Center,1345,2016-10-21 15:42:22,2023-02-24 11:29:40,32208,-77.231825,38.932636
US Dept of State / Virginia Ave & 21st St NW,205604,2010-10-09 12:37:32,2023-02-28 22:18:31,31220,-77.046587,38.894919
USDA / 12th & C St SW,74133,2018-02-01 05:58:40,2023-02-28 19:59:36,31217,-77.02824175357819,38.88627694506511
USDA / 12th & Independence Ave SW,241340,2010-10-05 18:24:31,2018-01-31 21:18:48,,-77.0282418,38.8862769
Union Market,66624,2019-03-01 07:09:32,2023-02-28 21:35:24,31517,-76.99707,38.907908
Union Market/6th St & Neal Pl NE,60975,2014-11-19 21:16:51,2019-02-28 20:32:17,,-76.99707,38.907908
United Medical Center,657,2019-02-14 12:21:16,2023-02-28 14:45:10,31823,-76.983144,38.835737
Utah St & 11th St N,7651,2019-12-01 20:34:25,2022-08-02 18:23:28,,-111.0937311,39.3209801
Utah St & 11th St N ,30281,2012-07-18 19:02:40,2019-11-30 16:47:30,,-111.0937311,39.3209801
V1 Warehouse Test Station,8,2022-03-03 12:04:52,2022-03-03 12:04:53,,-77.01,38.963
Valley Ave & Wheeler Rd SE,2176,2019-12-18 13:13:23,2023-02-28 17:20:34,31824,-76.99358886515256,38.83664578175751
Van Dorn Metro,406,2022-02-06 19:40:30,2023-02-27 11:41:22,31932,-77.1299434,38.8000766
Van Ness Metro / UDC,123332,2010-09-24 15:17:54,2023-02-28 21:43:10,31300,-77.063896,38.944551
Vantage Hill Rd & Wainwright Dr,122,2021-07-18 19:02:56,2023-02-23 10:42:18,32244,-77.348487,38.9667
Vermont Ave & I St NW,143437,2016-08-09 09:11:55,2023-02-28 21:48:52,31291,-77.03445106744766,38.901136451737045
Veterans Pl & Pershing Dr ,9699,2014-02-08 11:03:44,2023-02-28 17:07:21,32043,-77.023894,38.997445
Virginia Ave & 25th St NW,70006,2017-06-01 10:32:20,2023-02-28 22:46:27,31297,-77.05305218696594,38.89846038350939
Virginia Ave & C St NW,338,2022-09-23 06:49:45,2023-02-28 18:03:53,31261,-77.04439267516136,38.89388766381858
Virginia Hospital Center,331,2022-09-28 14:17:34,2023-02-28 19:41:04,31976,-77.12801456451415,38.88791377249907
Virginia Square Metro / Monroe St & 9th St N,29530,2019-03-01 06:47:52,2023-02-28 23:06:53,31024,-77.103148,38.882788
Virginia Square Metro / N Monroe St & 9th St N,84387,2012-02-17 12:04:37,2019-02-28 21:40:39,,-77.1039955,38.8851929
Virginia Theological Seminary,342,2022-01-27 17:45:44,2023-02-28 16:51:37,31964,-77.093879,38.820152
Vy Reston Heights,1451,2020-05-20 12:06:24,2023-02-27 09:01:51,32236,-77.355299,38.949008
W Broad St & Little Falls St,3626,2019-05-09 11:13:34,2023-02-28 11:32:56,32605,-77.173438,38.883601
W Columbia St & N Washington St,3659,2019-05-09 11:18:13,2023-02-28 20:36:51,32609,-77.166917,38.885621
W&OD Trail & Langston Blvd,2516,2021-09-30 20:59:57,2023-02-28 09:51:33,31948,-77.16212,38.88715
W&OD Trail bridge & N Washington St,4,2021-09-29 09:12:45,2021-09-29 09:34:05,,-77.162,38.887
WAU / Flower Ave & Division St,6074,2019-03-01 11:24:09,2023-02-28 09:36:29,32049,-77.000035,38.986743
Wakefield High School,3225,2020-04-12 12:21:25,2023-02-28 18:41:06,31054,-77.1125502884388,38.847129045742605
Walter Reed Community Center / Walter Reed Dr & 16th St S,5258,2013-03-28 07:32:11,2019-02-28 21:32:07,,-77.0861978,38.8578971
Walter Reed Dr & 16th St S,937,2019-03-01 13:27:09,2020-06-21 16:01:23,,-77.08827,38.8569496
Walter Reed Dr & 8th St S,7896,2019-03-01 14:30:32,2023-02-28 19:01:36,31096,-77.08787,38.86612
Ward Circle / American University,74965,2010-09-26 13:22:48,2023-02-28 22:11:55,31301,-77.087171,38.938736
Washington & Independence Ave SW/HHS,304595,2013-08-02 09:29:48,2023-02-28 18:44:30,31272,-77.013769,38.886978
Washington Adventist U / Flower Ave & Division St,5501,2014-09-05 11:19:30,2019-02-28 18:44:52,,-77.000035,38.986743
Washington Blvd & 10th St N,50464,2012-03-01 18:12:52,2023-02-28 22:43:46,31026,-77.093485,38.884734
Washington Blvd & 7th St N,23066,2012-05-01 15:47:16,2023-02-28 19:53:55,31032,-77.090792,38.88081
Washington Blvd & N Frederick St,7327,2016-02-23 22:34:23,2023-02-27 14:50:11,31901,-77.127671,38.884829
Washington Blvd & Walter Reed Dr ,23255,2013-12-17 08:47:01,2023-02-28 23:30:53,31073,-77.082104,38.873219
Washington-Lee High School / N Stafford St & Generals Way,5094,2017-05-05 11:23:21,2019-02-28 22:07:58,,-77.11036849999999,38.8881815
Washington-Liberty High School / N Stafford St & Generals Way,9321,2019-03-01 07:23:46,2023-02-28 21:40:59,31920,-77.111066,38.888282
Waterfront Park,4490,2022-08-02 18:19:17,2023-02-28 20:39:16,31673,-77.0207878947258,38.874820772513424
West Falls Church Metro,1947,2019-05-08 20:51:32,2023-02-28 22:06:21,32232,-77.1887,38.9001
West Hyattsville Metro,8604,2019-09-04 17:12:37,2023-02-28 23:43:18,32418,-76.968084,38.955349
Westover Library / Washington Blvd & N McKinley Rd,5416,2017-05-04 17:49:56,2023-02-28 20:04:33,31921,-77.142317,38.886048
Westpark & Jones Branch Dr,5272,2016-10-21 15:55:50,2023-02-26 08:26:32,32205,-77.217664,38.924437
Westpark & Park Run Dr,2828,2016-10-21 16:06:38,2023-02-25 17:12:35,32207,-77.225394,38.928919
Westpark Dr & Leesburg Pike,2070,2016-10-21 15:41:47,2023-02-27 07:43:35,32201,-77.235955,38.92403
Wheaton Library & Community Rec Center,1336,2019-09-07 09:47:15,2023-02-22 20:18:56,32084,-77.0510969,39.0473228
Wheaton Metro / Georgia Ave & Reedie Dr,3713,2019-03-02 06:56:15,2023-02-28 15:45:37,32062,-77.05102041363716,39.038423828518326
Wheaton Metro/Georgia Ave & Reedie Dr,2194,2017-03-01 12:23:55,2019-02-28 06:50:27,,-77.0522,39.0455909
Wheeler Ave & S. Floyd St.,1565,2020-06-25 12:19:04,2023-02-27 15:16:17,31927,-77.100796,38.808161
White Flint Metro,7922,2018-03-19 16:22:39,2022-09-13 09:15:20,,-77.1126498,39.0475686
White House,823,2021-09-07 18:02:39,2023-02-28 18:55:34,,-77.0365298,38.8976763
White Oak Rec Center,411,2020-05-05 18:13:39,2023-02-26 13:48:58,32087,-76.9757228,39.0461435
White Oak Transit Center,775,2020-05-01 10:31:07,2023-02-08 12:47:27,32093,-76.987125,39.04104
Whiting & Lane Dr,498,2021-03-05 14:24:44,2023-02-25 14:13:22,31942,-77.135788,38.809709
Wiehle Ave & Reston Station Blvd,6437,2018-12-02 13:15:12,2022-09-29 18:14:17,,-77.3334817,38.9691079
Wiehle-Reston Metro South,478,2022-09-30 21:23:46,2023-02-28 19:35:10,32215,-77.3393914103508,38.946607921214984
Wilson Blvd & Franklin Rd,47504,2011-12-01 09:16:52,2019-02-28 23:21:44,,-77.15294639999999,38.87369210000001
Wilson Blvd & Ft Myer Dr,8391,2020-04-01 18:24:49,2023-02-28 22:09:17,31015,-77.072305,38.8946
Wilson Blvd & N Edgewood St,58080,2011-11-11 12:29:44,2023-02-28 22:13:00,31019,-77.09186241030693,38.889396070923496
Wilson Blvd & N Franklin Rd,13273,2019-03-01 00:08:06,2023-02-28 20:51:29,31020,-77.0889,38.8904
Wilson Blvd & N Illinois St ,17324,2016-02-24 06:28:15,2023-02-28 18:08:37,31902,-77.12712,38.876528
Wilson Blvd & N Oak St,13746,2020-12-10 16:53:12,2023-02-28 22:41:37,31939,-77.07386,38.895068
Wilson Blvd & N Quincy St,83069,2012-05-29 13:13:24,2023-02-28 21:31:29,31039,-77.107854,38.880012
Wilson Blvd & N Quinn St,11880,2020-04-03 15:42:44,2023-02-28 22:39:33,31027,-77.07857,38.893993
Wilson Blvd & N Troy St,23727,2017-06-13 18:36:02,2023-02-28 23:05:49,31924,-77.082089,38.892556
Wilson Blvd & N Uhle St,95270,2011-11-10 21:06:43,2023-02-28 21:59:39,31017,-77.0846,38.891696
Wilson Blvd & N Vermont St,402,2022-12-10 00:23:12,2023-02-28 21:53:49,31926,-77.11456328630447,38.87947660895433
Wilson Blvd & Oak st,2,2020-12-10 14:51:17,2020-12-10 15:20:32,,-77.15294639999999,38.87369210000001
Wilson Blvd. & N. Vermont St.,7352,2020-05-07 17:15:29,2022-12-09 13:15:44,,-77.15294639999999,38.87369210000001
Windham Ln & Amherst Ave,2771,2017-03-02 18:23:26,2023-02-26 18:02:18,32066,-77.04735,39.032029
Wisconsin Ave & Brandywine St NW,23110,2016-09-20 09:23:19,2023-02-28 21:11:59,31319,-77.080217,38.949813
Wisconsin Ave & Ingomar St NW,19527,2016-03-10 13:36:18,2023-02-28 15:55:03,31317,-77.084636,38.958267
Wisconsin Ave & Newark St NW,138926,2010-09-25 08:23:17,2023-02-28 21:25:12,31302,-77.072755,38.934881
Wisconsin Ave & O St NW,216192,2013-04-25 14:19:25,2023-02-28 23:30:03,31312,-77.063586,38.90849
Wisconsin Ave & Rodman St NW,2715,2022-08-10 16:37:34,2023-02-28 18:56:32,31333,-77.07527697086334,38.939674172021654
Woodglen Dr & Executive Blvd,7668,2018-03-28 14:37:46,2023-02-28 14:26:24,32078,-77.1135,39.04317
Woodley Park Metro / Calvert St & Connecticut Ave NW,77612,2018-12-12 16:10:10,2023-02-28 21:48:43,31323,-77.051833,38.923389
Woodmont Ave & Strathmore St,31509,2016-04-02 10:48:30,2023-02-28 21:21:30,32055,-77.093522,38.979875
Woody Ward Rec Center,23,2023-01-04 16:35:57,2023-02-11 17:01:31,31722,-76.926596,38.879575
Yuma St & Tenley Circle NW,12478,2016-01-14 17:39:02,2023-02-28 20:22:47,31316,-77.08059,38.946182
